YAL003W,YAL003W_173,167,173
YAL005C,YAL005C_80,73,80
YAL005C,YAL005C_258,258,258
YAL005C,YAL005C_328,324,328
YAL005C,YAL005C_415,415,415
YAL012W,YAL012W_89,89,89
YAL012W,YAL012W_204,199,204
YAL012W,YAL012W_227,224,227
YAL012W,YAL012W_303,301,303
YAL012W,YAL012W_347,335,347
YAL035W,YAL035W_467,467,467
YAL035W,YAL035W_563,557,563
YAL035W,YAL035W_719,716,719
YAL035W,YAL035W_736,730,736
YAL035W,YAL035W_856,852,856
YAL035W,YAL035W_915,910,915
YAL036C,YAL036C_150,148,150
YAL036C,YAL036C_164,160,164
YAL036C,YAL036C_346,333,346
YAL038W,YAL038W_95,89,95
YAL038W,YAL038W_186,184,186
YAL038W,YAL038W_214,210,214
YAL038W,YAL038W_326,321,326
YAL038W,YAL038W_390,390,390
YAL038W,YAL038W_403,400,403
YAL038W,YAL038W_469,465,469
YAL038W,YAL038W_483,478,483
YAL044C,YAL044C_71,71,71
YAR002C-A,YAR002C-A_64,60,64
YAR015W,YAR015W_238,233,238
YAR015W,YAR015W_246,242,246
YBL001C,YBL001C_94,83,94
YBL002W,YBL002W_88,79,88
YBL002W,YBL002W_131,124,131
YBL003C,YBL003C_130,124,130
YBL007C,YBL007C_548,545,548
YBL027W,YBL027W_103,103,103
YBL027W,YBL027W_144,140,144
YBL027W,YBL027W_182,179,182
YBL030C,YBL030C_102,93,102
YBL030C,YBL030C_253,248,253
YBL030C,YBL030C_269,265,269
YBL039C,YBL039C_376,374,376
YBL039C,YBL039C_381,381,381
YBL039C,YBL039C_404,401,404
YBL041W,YBL041W_135,133,135
YBL041W,YBL041W_217,212,217
YBL058W,YBL058W_287,285,287
YBL072C,YBL072C_200,197,200
YBL076C,YBL076C_117,106,117
YBL076C,YBL076C_134,133,134
YBL076C,YBL076C_172,167,172
YBL076C,YBL076C_220,218,220
YBL076C,YBL076C_230,226,230
YBL076C,YBL076C_289,287,289
YBL076C,YBL076C_464,458,464
YBL087C,YBL087C_92,92,92
YBL087C,YBL087C_108,108,108
YBL087C,YBL087C_134,128,134
YBR009C,YBR009C_100,96,100
YBR010W,YBR010W_109,107,109
YBR010W,YBR010W_127,125,127
YBR011C,YBR011C_135,134,135
YBR011C,YBR011C_188,180,188
YBR011C,YBR011C_231,229,231
YBR011C,YBR011C_237,235,237
YBR025C,YBR025C_124,116,124
YBR025C,YBR025C_198,194,198
YBR025C,YBR025C_297,293,297
YBR031W,YBR031W_132,128,132
YBR031W,YBR031W_355,351,355
YBR034C,YBR034C_155,153,155
YBR039W,YBR039W_82,79,82
YBR048W,YBR048W_114,112,114
YBR048W,YBR048W_135,135,135
YBR078W,YBR078W_171,167,171
YBR078W,YBR078W_210,205,210
YBR078W,YBR078W_219,219,219
YBR078W,YBR078W_409,407,409
YBR079C,YBR079C_459,454,459
YBR079C,YBR079C_633,630,633
YBR079C,YBR079C_839,831,839
YBR082C,YBR082C_120,113,120
YBR082C,YBR082C_130,128,130
YBR084C-A,YBR084C-A_103,103,103
YBR101C,YBR101C_130,127,130
YBR109C,YBR109C_83,83,83
YBR121C,YBR121C_130,118,130
YBR121C,YBR121C_150,147,150
YBR121C,YBR121C_171,165,171
YBR121C,YBR121C_274,273,274
YBR121C,YBR121C_349,349,349
YBR121C,YBR121C_402,400,402
YBR121C,YBR121C_478,476,478
YBR121C,YBR121C_542,539,542
YBR121C,YBR121C_660,655,660
YBR126C,YBR126C_216,205,216
YBR126C,YBR126C_326,324,326
YBR127C,YBR127C_68,66,68
YBR127C,YBR127C_103,101,103
YBR127C,YBR127C_242,238,242
YBR127C,YBR127C_259,255,259
YBR127C,YBR127C_363,361,363
YBR143C,YBR143C_128,126,128
YBR143C,YBR143C_140,135,140
YBR143C,YBR143C_156,154,156
YBR143C,YBR143C_237,236,237
YBR149W,YBR149W_196,192,196
YBR149W,YBR149W_201,198,201
YBR149W,YBR149W_254,252,254
YBR154C,YBR154C_72,68,72
YBR162C,YBR162C_90,85,90
YBR162C,YBR162C_133,131,133
YBR164C,YBR164C_117,114,117
YBR164C,YBR164C_130,128,130
YBR181C,YBR181C_122,114,122
YBR189W,YBR189W_102,94,102
YBR191W,YBR191W_84,80,84
YBR191W,YBR191W_98,92,98
YBR196C,YBR196C_91,89,91
YBR196C,YBR196C_156,150,156
YBR196C,YBR196C_195,192,195
YBR196C,YBR196C_339,335,339
YBR196C,YBR196C_397,392,397
YBR196C,YBR196C_402,402,402
YBR221C,YBR221C_82,76,82
YBR221C,YBR221C_241,239,241
YBR221C,YBR221C_320,315,320
YBR234C,YBR234C_64,60,64
YBR234C,YBR234C_90,87,90
YBR234C,YBR234C_103,100,103
YBR249C,YBR249C_130,124,130
YBR249C,YBR249C_138,132,138
YBR249C,YBR249C_301,294,301
YBR252W,YBR252W_138,134,138
YBR263W,YBR263W_152,150,152
YBR286W,YBR286W_69,66,69
YBR286W,YBR286W_114,112,114
YBR286W,YBR286W_129,124,129
YBR286W,YBR286W_401,399,401
YCL009C,YCL009C_168,162,168
YCL009C,YCL009C_209,206,209
YCL028W,YCL028W_198,196,198
YCL030C,YCL030C_526,521,526
YCL030C,YCL030C_559,557,559
YCL030C,YCL030C_625,615,625
YCL030C,YCL030C_630,630,630
YCL030C,YCL030C_708,701,708
YCL037C,YCL037C_307,302,307
YCL037C,YCL037C_409,406,409
YCL043C,YCL043C_79,78,79
YCL043C,YCL043C_118,105,118
YCL043C,YCL043C_175,173,175
YCL043C,YCL043C_206,202,206
YCL043C,YCL043C_226,224,226
YCL050C,YCL050C_148,145,148
YCL050C,YCL050C_217,213,217
YCL050C,YCL050C_301,295,301
YCL064C,YCL064C_134,129,134
YCL064C,YCL064C_276,275,276
YCR002C,YCR002C_137,135,137
YCR004C,YCR004C_180,177,180
YCR005C,YCR005C_230,224,230
YCR012W,YCR012W_97,93,97
YCR012W,YCR012W_115,109,115
YCR012W,YCR012W_129,117,129
YCR012W,YCR012W_250,248,250
YCR012W,YCR012W_307,304,307
YCR012W,YCR012W_351,344,351
YCR028C-A,YCR028C-A_121,116,121
YCR031C,YCR031C_83,82,83
YCR031C,YCR031C_124,119,124
YCR053W,YCR053W_97,95,97
YCR053W,YCR053W_141,139,141
YCR053W,YCR053W_152,152,152
YCR053W,YCR053W_323,314,323
YCR053W,YCR053W_372,367,372
YCR053W,YCR053W_458,457,458
YCR053W,YCR053W_502,500,502
YCR088W,YCR088W_161,159,161
YCR088W,YCR088W_168,165,168
YCR088W,YCR088W_365,358,365
YCR088W,YCR088W_435,432,435
YDL004W,YDL004W_157,154,157
YDL007W,YDL007W_99,97,99
YDL007W,YDL007W_269,267,269
YDL014W,YDL014W_207,198,207
YDL014W,YDL014W_248,245,248
YDL014W,YDL014W_277,277,277
YDL014W,YDL014W_322,319,322
YDL015C,YDL015C_90,85,90
YDL022W,YDL022W_89,87,89
YDL029W,YDL029W_82,80,82
YDL029W,YDL029W_342,339,342
YDL046W,YDL046W_163,161,163
YDL051W,YDL051W_124,122,124
YDL051W,YDL051W_207,199,207
YDL055C,YDL055C_69,68,69
YDL055C,YDL055C_95,92,95
YDL055C,YDL055C_138,134,138
YDL055C,YDL055C_357,352,357
YDL064W,YDL064W_148,148,148
YDL066W,YDL066W_71,69,71
YDL066W,YDL066W_146,142,146
YDL066W,YDL066W_190,187,190
YDL066W,YDL066W_236,234,236
YDL075W,YDL075W_90,83,90
YDL082W,YDL082W_63,60,63
YDL082W,YDL082W_120,111,120
YDL082W,YDL082W_159,157,159
YDL083C,YDL083C_122,115,122
YDL083C,YDL083C_133,132,133
YDL084W,YDL084W_185,183,185
YDL084W,YDL084W_212,205,212
YDL084W,YDL084W_299,298,299
YDL097C,YDL097C_308,303,308
YDL100C,YDL100C_230,228,230
YDL100C,YDL100C_340,329,340
YDL125C,YDL125C_77,72,77
YDL126C,YDL126C_115,112,115
YDL126C,YDL126C_189,185,189
YDL126C,YDL126C_237,226,237
YDL126C,YDL126C_370,364,370
YDL126C,YDL126C_486,485,486
YDL130W,YDL130W_90,88,90
YDL131W,YDL131W_405,403,405
YDL131W,YDL131W_424,420,424
YDL131W,YDL131W_431,428,431
YDL137W,YDL137W_131,114,131
YDL140C,YDL140C_510,508,510
YDL140C,YDL140C_1397,1394,1397
YDL143W,YDL143W_199,197,199
YDL143W,YDL143W_432,423,432
YDL143W,YDL143W_435,435,435
YDL145C,YDL145C_104,100,104
YDL145C,YDL145C_280,272,280
YDL145C,YDL145C_297,295,297
YDL145C,YDL145C_1022,1020,1022
YDL147W,YDL147W_344,341,344
YDL147W,YDL147W_362,360,362
YDL147W,YDL147W_369,367,369
YDL160C,YDL160C_156,153,156
YDL160C,YDL160C_251,248,251
YDL171C,YDL171C_1659,1655,1659
YDL171C,YDL171C_1776,1774,1776
YDL182W,YDL182W_395,392,395
YDL182W,YDL182W_416,409,416
YDL185W,YDL185W_80,78,80
YDL185W,YDL185W_382,381,382
YDL185W,YDL185W_551,547,551
YDL185W,YDL185W_571,565,571
YDL185W,YDL185W_580,575,580
YDL185W,YDL185W_603,597,603
YDL185W,YDL185W_613,608,613
YDL185W,YDL185W_669,666,669
YDL185W,YDL185W_849,849,849
YDL185W,YDL185W_900,890,900
YDL192W,YDL192W_118,107,118
YDL195W,YDL195W_265,254,265
YDL195W,YDL195W_854,850,854
YDL208W,YDL208W_144,142,144
YDL226C,YDL226C_315,311,315
YDL236W,YDL236W_118,110,118
YDR002W,YDR002W_138,135,138
YDR002W,YDR002W_177,177,177
YDR012W,YDR012W_128,128,128
YDR012W,YDR012W_356,354,356
YDR023W,YDR023W_146,144,146
YDR023W,YDR023W_247,244,247
YDR023W,YDR023W_338,338,338
YDR023W,YDR023W_374,373,374
YDR023W,YDR023W_435,431,435
YDR023W,YDR023W_454,452,454
YDR025W,YDR025W_114,112,114
YDR025W,YDR025W_130,122,130
YDR025W,YDR025W_142,135,142
YDR032C,YDR032C_172,168,172
YDR033W,YDR033W_74,68,74
YDR037W,YDR037W_183,182,183
YDR037W,YDR037W_236,233,236
YDR037W,YDR037W_275,271,275
YDR037W,YDR037W_306,302,306
YDR037W,YDR037W_388,384,388
YDR037W,YDR037W_412,411,412
YDR037W,YDR037W_443,433,443
YDR037W,YDR037W_456,454,456
YDR037W,YDR037W_562,560,562
YDR050C,YDR050C_89,85,89
YDR050C,YDR050C_143,143,143
YDR050C,YDR050C_206,205,206
YDR064W,YDR064W_75,66,75
YDR064W,YDR064W_89,80,89
YDR071C,YDR071C_61,57,61
YDR071C,YDR071C_73,73,73
YDR071C,YDR071C_155,154,155
YDR071C,YDR071C_166,162,166
YDR077W,YDR077W_265,256,265
YDR077W,YDR077W_323,319,323
YDR077W,YDR077W_330,325,330
YDR092W,YDR092W_123,115,123
YDR098C,YDR098C_119,117,119
YDR099W,YDR099W_133,133,133
YDR099W,YDR099W_173,170,173
YDR129C,YDR129C_316,312,316
YDR129C,YDR129C_346,345,346
YDR129C,YDR129C_356,354,356
YDR129C,YDR129C_407,406,407
YDR155C,YDR155C_65,59,65
YDR155C,YDR155C_77,72,77
YDR158W,YDR158W_211,206,211
YDR158W,YDR158W_253,250,253
YDR158W,YDR158W_280,276,280
YDR158W,YDR158W_315,305,315
YDR158W,YDR158W_327,323,327
YDR158W,YDR158W_358,354,358
YDR172W,YDR172W_599,589,599
YDR172W,YDR172W_615,611,615
YDR172W,YDR172W_628,617,628
YDR172W,YDR172W_658,656,658
YDR172W,YDR172W_675,673,675
YDR174W,YDR174W_59,56,59
YDR174W,YDR174W_144,141,144
YDR177W,YDR177W_119,116,119
YDR177W,YDR177W_186,182,186
YDR188W,YDR188W_424,422,424
YDR190C,YDR190C_333,333,333
YDR212W,YDR212W_255,243,255
YDR212W,YDR212W_285,283,285
YDR214W,YDR214W_80,69,80
YDR214W,YDR214W_182,177,182
YDR224C,YDR224C_87,83,87
YDR224C,YDR224C_129,125,129
YDR225W,YDR225W_131,126,131
YDR226W,YDR226W_165,159,165
YDR226W,YDR226W_176,176,176
YDR226W,YDR226W_196,191,196
YDR232W,YDR232W_173,171,173
YDR233C,YDR233C_261,257,261
YDR238C,YDR238C_887,884,887
YDR298C,YDR298C_92,92,92
YDR304C,YDR304C_61,58,61
YDR328C,YDR328C_186,183,186
YDR341C,YDR341C_261,254,261
YDR341C,YDR341C_299,298,299
YDR341C,YDR341C_310,308,310
YDR341C,YDR341C_590,587,590
YDR341C,YDR341C_598,595,598
YDR346C,YDR346C_338,336,338
YDR353W,YDR353W_62,60,62
YDR353W,YDR353W_79,78,79
YDR353W,YDR353W_241,235,241
YDR353W,YDR353W_269,267,269
YDR368W,YDR368W_130,126,130
YDR372C,YDR372C_160,160,160
YDR378C,YDR378C_75,73,75
YDR381W,YDR381W_152,148,152
YDR382W,YDR382W_73,69,73
YDR394W,YDR394W_277,273,277
YDR418W,YDR418W_139,138,139
YDR429C,YDR429C_236,229,236
YDR429C,YDR429C_262,255,262
YDR432W,YDR432W_132,123,132
YDR432W,YDR432W_178,170,178
YDR432W,YDR432W_244,242,244
YDR447C,YDR447C_57,53,57
YDR447C,YDR447C_117,117,117
YDR450W,YDR450W_84,80,84
YDR454C,YDR454C_68,66,68
YDR454C,YDR454C_164,154,164
YDR471W,YDR471W_63,59,63
YDR471W,YDR471W_84,76,84
YDR471W,YDR471W_114,111,114
YDR483W,YDR483W_184,182,184
YDR487C,YDR487C_107,105,107
YDR487C,YDR487C_206,202,206
YDR502C,YDR502C_220,218,220
YDR502C,YDR502C_257,254,257
YDR502C,YDR502C_284,282,284
YDR502C,YDR502C_295,291,295
YDR502C,YDR502C_350,346,350
YDR508C,YDR508C_82,77,82
YDR508C,YDR508C_198,197,198
YDR510W,YDR510W_69,67,69
YDR510W,YDR510W_81,75,81
YEL026W,YEL026W_122,118,122
YEL027W,YEL027W_98,93,98
YEL027W,YEL027W_111,107,111
YEL034W,YEL034W_79,75,79
YEL034W,YEL034W_92,87,92
YEL034W,YEL034W_109,105,109
YEL037C,YEL037C_89,87,89
YEL037C,YEL037C_324,319,324
YEL046C,YEL046C_143,139,143
YEL046C,YEL046C_152,152,152
YEL046C,YEL046C_160,158,160
YEL046C,YEL046C_220,210,220
YEL046C,YEL046C_226,224,226
YEL046C,YEL046C_371,370,371
YEL047C,YEL047C_231,229,231
YEL051W,YEL051W_147,143,147
YEL051W,YEL051W_161,158,161
YEL051W,YEL051W_212,210,212
YEL054C,YEL054C_108,105,108
YEL054C,YEL054C_140,138,140
YEL071W,YEL071W_172,167,172
YEL071W,YEL071W_290,289,290
YEL071W,YEL071W_339,335,339
YEL071W,YEL071W_412,407,412
YEL071W,YEL071W_430,428,430
YEL071W,YEL071W_474,465,474
YER003C,YER003C_323,319,323
YER003C,YER003C_393,384,393
YER003C,YER003C_423,423,423
YER006W,YER006W_226,225,226
YER007C-A,YER007C-A_105,102,105
YER009W,YER009W_102,98,102
YER021W,YER021W_389,387,389
YER021W,YER021W_423,423,423
YER023W,YER023W_65,61,65
YER023W,YER023W_100,97,100
YER023W,YER023W_197,197,197
YER025W,YER025W_176,176,176
YER025W,YER025W_202,199,202
YER025W,YER025W_209,207,209
YER025W,YER025W_420,419,420
YER025W,YER025W_499,492,499
YER036C,YER036C_167,164,167
YER036C,YER036C_266,264,266
YER036C,YER036C_415,413,415
YER043C,YER043C_88,86,88
YER043C,YER043C_224,221,224
YER043C,YER043C_326,322,326
YER043C,YER043C_378,367,378
YER043C,YER043C_420,416,420
YER055C,YER055C_71,68,71
YER055C,YER055C_147,145,147
YER055C,YER055C_172,169,172
YER055C,YER055C_260,257,260
YER056C-A,YER056C-A_58,53,58
YER070W,YER070W_373,371,373
YER070W,YER070W_572,569,572
YER072W,YER072W_84,72,84
YER072W,YER072W_106,105,106
YER072W,YER072W_126,120,126
YER073W,YER073W_233,231,233
YER073W,YER073W_453,444,453
YER074W,YER074W_64,64,64
YER074W,YER074W_116,116,116
YER090W,YER090W_180,175,180
YER091C,YER091C_91,87,91
YER091C,YER091C_176,173,176
YER091C,YER091C_452,447,452
YER091C,YER091C_466,462,466
YER091C,YER091C_474,474,474
YER091C,YER091C_499,496,499
YER091C,YER091C_575,568,575
YER091C,YER091C_590,590,590
YER091C,YER091C_616,612,616
YER091C,YER091C_622,618,622
YER094C,YER094C_101,99,101
YER094C,YER094C_111,106,111
YER100W,YER100W_97,97,97
YER102W,YER102W_199,197,199
YER110C,YER110C_81,74,81
YER110C,YER110C_253,248,253
YER110C,YER110C_384,380,384
YER110C,YER110C_444,442,444
YER110C,YER110C_501,497,501
YER110C,YER110C_632,627,632
YER110C,YER110C_850,850,850
YER110C,YER110C_1042,1038,1042
YER117W,YER117W_92,92,92
YER117W,YER117W_108,108,108
YER117W,YER117W_135,128,135
YER120W,YER120W_95,88,95
YER120W,YER120W_128,126,128
YER120W,YER120W_164,159,164
YER131W,YER131W_106,105,106
YER133W,YER133W_188,184,188
YER136W,YER136W_105,97,105
YER165W,YER165W_248,246,248
YER165W,YER165W_271,265,271
YER165W,YER165W_319,313,319
YER165W,YER165W_366,362,366
YER165W,YER165W_428,418,428
YER165W,YER165W_500,497,500
YER165W,YER165W_515,504,515
YER177W,YER177W_137,135,137
YER177W,YER177W_218,215,218
YER178W,YER178W_70,68,70
YER178W,YER178W_83,82,83
YER178W,YER178W_278,273,278
YER178W,YER178W_348,345,348
YER178W,YER178W_399,397,399
YFL004W,YFL004W_61,58,61
YFL004W,YFL004W_87,85,87
YFL005W,YFL005W_85,79,85
YFL005W,YFL005W_119,116,119
YFL005W,YFL005W_160,158,160
YFL018C,YFL018C_182,173,182
YFL018C,YFL018C_374,369,374
YFL022C,YFL022C_155,151,155
YFL022C,YFL022C_328,326,328
YFL022C,YFL022C_372,369,372
YFL022C,YFL022C_394,385,394
YFL037W,YFL037W_365,362,365
YFL037W,YFL037W_380,375,380
YFL037W,YFL037W_403,399,403
YFL037W,YFL037W_437,436,437
YFL038C,YFL038C_71,63,71
YFL038C,YFL038C_145,144,145
YFL038C,YFL038C_183,169,183
YFL039C,YFL039C_140,138,140
YFL039C,YFL039C_209,204,209
YFL039C,YFL039C_217,215,217
YFL039C,YFL039C_263,252,263
YFL039C,YFL039C_364,359,364
YFL045C,YFL045C_95,88,95
YFL045C,YFL045C_107,102,107
YFL045C,YFL045C_210,200,210
YFR024C-A,YFR024C-A_247,245,247
YFR031C-A,YFR031C-A_79,77,79
YFR031C-A,YFR031C-A_126,126,126
YFR031C-A,YFR031C-A_220,220,220
YFR031C-A,YFR031C-A_248,241,248
YFR044C,YFR044C_85,79,85
YFR052W,YFR052W_133,125,133
YGL008C,YGL008C_166,164,166
YGL008C,YGL008C_322,316,322
YGL008C,YGL008C_514,501,514
YGL008C,YGL008C_524,516,524
YGL008C,YGL008C_556,554,556
YGL008C,YGL008C_585,576,585
YGL008C,YGL008C_668,663,668
YGL008C,YGL008C_707,705,707
YGL009C,YGL009C_323,320,323
YGL009C,YGL009C_421,415,421
YGL009C,YGL009C_519,517,519
YGL009C,YGL009C_615,611,615
YGL009C,YGL009C_725,723,725
YGL009C,YGL009C_741,736,741
YGL011C,YGL011C_171,168,171
YGL026C,YGL026C_119,118,119
YGL026C,YGL026C_184,180,184
YGL026C,YGL026C_426,424,426
YGL026C,YGL026C_551,547,551
YGL026C,YGL026C_596,594,596
YGL026C,YGL026C_637,627,637
YGL030W,YGL030W_82,78,82
YGL031C,YGL031C_87,78,87
YGL031C,YGL031C_100,98,100
YGL031C,YGL031C_147,147,147
YGL037C,YGL037C_176,173,176
YGL037C,YGL037C_216,207,216
YGL040C,YGL040C_116,116,116
YGL040C,YGL040C_163,161,163
YGL048C,YGL048C_164,162,164
YGL062W,YGL062W_556,554,556
YGL068W,YGL068W_96,94,96
YGL076C,YGL076C_141,136,141
YGL103W,YGL103W_141,138,141
YGL105W,YGL105W_84,81,84
YGL105W,YGL105W_125,123,125
YGL105W,YGL105W_305,301,305
YGL120C,YGL120C_324,319,324
YGL123W,YGL123W_133,131,133
YGL123W,YGL123W_189,187,189
YGL123W,YGL123W_217,208,217
YGL135W,YGL135W_110,109,110
YGL137W,YGL137W_76,74,76
YGL137W,YGL137W_154,149,154
YGL137W,YGL137W_170,169,170
YGL137W,YGL137W_442,440,442
YGL137W,YGL137W_774,770,774
YGL147C,YGL147C_72,64,72
YGL147C,YGL147C_113,107,113
YGL148W,YGL148W_68,66,68
YGL148W,YGL148W_77,75,77
YGL148W,YGL148W_150,145,150
YGL173C,YGL173C_120,116,120
YGL173C,YGL173C_440,436,440
YGL173C,YGL173C_927,923,927
YGL189C,YGL189C_105,105,105
YGL200C,YGL200C_133,131,133
YGL200C,YGL200C_141,138,141
YGL202W,YGL202W_312,310,312
YGL202W,YGL202W_368,363,368
YGL202W,YGL202W_489,487,489
YGL206C,YGL206C_82,79,82
YGL206C,YGL206C_129,127,129
YGL206C,YGL206C_157,141,157
YGL206C,YGL206C_236,226,236
YGL206C,YGL206C_384,381,384
YGL206C,YGL206C_933,933,933
YGL206C,YGL206C_1310,1308,1310
YGL206C,YGL206C_1498,1496,1498
YGL206C,YGL206C_1650,1648,1650
YGL225W,YGL225W_102,99,102
YGL234W,YGL234W_121,120,121
YGL234W,YGL234W_347,341,347
YGL234W,YGL234W_701,694,701
YGL245W,YGL245W_285,273,285
YGL245W,YGL245W_390,385,390
YGL245W,YGL245W_564,558,564
YGL245W,YGL245W_600,594,600
YGL245W,YGL245W_664,660,664
YGL253W,YGL253W_144,140,144
YGL253W,YGL253W_233,229,233
YGL253W,YGL253W_327,319,327
YGL253W,YGL253W_456,434,456
YGR020C,YGR020C_100,98,100
YGR034W,YGR034W_87,83,87
YGR034W,YGR034W_112,101,112
YGR054W,YGR054W_151,146,151
YGR054W,YGR054W_426,423,426
YGR060W,YGR060W_84,84,84
YGR061C,YGR061C_300,295,300
YGR061C,YGR061C_1238,1231,1238
YGR061C,YGR061C_1325,1318,1325
YGR063C,YGR063C_102,95,102
YGR078C,YGR078C_104,100,104
YGR085C,YGR085C_145,143,145
YGR086C,YGR086C_186,183,186
YGR086C,YGR086C_199,199,199
YGR086C,YGR086C_241,238,241
YGR086C,YGR086C_315,310,315
YGR094W,YGR094W_222,220,222
YGR094W,YGR094W_253,251,253
YGR094W,YGR094W_265,263,265
YGR094W,YGR094W_291,288,291
YGR094W,YGR094W_357,354,357
YGR094W,YGR094W_386,378,386
YGR094W,YGR094W_491,489,491
YGR094W,YGR094W_665,659,665
YGR103W,YGR103W_246,244,246
YGR105W,YGR105W_69,67,69
YGR106C,YGR106C_183,181,183
YGR118W,YGR118W_115,113,115
YGR118W,YGR118W_133,133,133
YGR124W,YGR124W_188,176,188
YGR124W,YGR124W_486,476,486
YGR124W,YGR124W_518,513,518
YGR132C,YGR132C_107,104,107
YGR132C,YGR132C_116,113,116
YGR135W,YGR135W_181,177,181
YGR148C,YGR148C_87,81,87
YGR148C,YGR148C_98,98,98
YGR148C,YGR148C_147,147,147
YGR155W,YGR155W_146,141,146
YGR155W,YGR155W_285,282,285
YGR155W,YGR155W_349,338,349
YGR155W,YGR155W_374,372,374
YGR155W,YGR155W_439,431,439
YGR155W,YGR155W_466,461,466
YGR159C,YGR159C_347,336,347
YGR159C,YGR159C_374,374,374
YGR159C,YGR159C_395,387,395
YGR162W,YGR162W_263,258,263
YGR162W,YGR162W_577,575,577
YGR175C,YGR175C_74,72,74
YGR175C,YGR175C_102,100,102
YGR175C,YGR175C_111,108,111
YGR175C,YGR175C_119,115,119
YGR175C,YGR175C_143,131,143
YGR175C,YGR175C_180,179,180
YGR175C,YGR175C_344,333,344
YGR178C,YGR178C_557,551,557
YGR180C,YGR180C_88,81,88
YGR180C,YGR180C_154,150,154
YGR180C,YGR180C_282,268,282
YGR180C,YGR180C_341,340,341
YGR185C,YGR185C_147,147,147
YGR185C,YGR185C_348,345,348
YGR189C,YGR189C_140,138,140
YGR192C,YGR192C_87,83,87
YGR192C,YGR192C_207,204,207
YGR192C,YGR192C_257,256,257
YGR192C,YGR192C_294,288,294
YGR192C,YGR192C_313,307,313
YGR204W,YGR204W_160,158,160
YGR204W,YGR204W_242,236,242
YGR204W,YGR204W_536,526,536
YGR204W,YGR204W_639,637,639
YGR204W,YGR204W_708,702,708
YGR204W,YGR204W_936,935,936
YGR209C,YGR209C_83,72,83
YGR211W,YGR211W_351,349,351
YGR211W,YGR211W_394,392,394
YGR211W,YGR211W_483,476,483
YGR214W,YGR214W_130,122,130
YGR214W,YGR214W_237,233,237
YGR214W,YGR214W_245,243,245
YGR231C,YGR231C_146,142,146
YGR231C,YGR231C_181,179,181
YGR234W,YGR234W_145,145,145
YGR234W,YGR234W_222,211,222
YGR234W,YGR234W_249,244,249
YGR234W,YGR234W_278,276,278
YGR234W,YGR234W_347,344,347
YGR240C,YGR240C_273,268,273
YGR240C,YGR240C_283,276,283
YGR240C,YGR240C_387,379,387
YGR240C,YGR240C_552,548,552
YGR240C,YGR240C_668,661,668
YGR240C,YGR240C_931,920,931
YGR240C,YGR240C_951,949,951
YGR253C,YGR253C_103,99,103
YGR254W,YGR254W_224,220,224
YGR254W,YGR254W_240,238,240
YGR254W,YGR254W_326,324,326
YGR254W,YGR254W_340,338,340
YGR264C,YGR264C_232,232,232
YGR264C,YGR264C_471,470,471
YGR264C,YGR264C_509,509,509
YGR264C,YGR264C_527,525,527
YGR264C,YGR264C_649,642,649
YGR279C,YGR279C_77,76,77
YGR279C,YGR279C_84,82,84
YGR279C,YGR279C_197,194,197
YGR279C,YGR279C_260,260,260
YGR279C,YGR279C_311,304,311
YGR282C,YGR282C_96,94,96
YGR282C,YGR282C_106,104,106
YGR282C,YGR282C_162,159,162
YGR284C,YGR284C_112,107,112
YGR285C,YGR285C_111,109,111
YGR285C,YGR285C_153,140,153
YGR285C,YGR285C_187,185,187
YGR285C,YGR285C_276,274,276
YHL001W,YHL001W_87,84,87
YHL011C,YHL011C_80,65,80
YHL015W,YHL015W_115,98,115
YHL033C,YHL033C_118,109,118
YHL033C,YHL033C_185,182,185
YHL033C,YHL033C_232,230,232
YHL034C,YHL034C_143,135,143
YHL034C,YHL034C_160,160,160
YHR007C,YHR007C_451,446,451
YHR008C,YHR008C_75,73,75
YHR010W,YHR010W_62,59,62
YHR010W,YHR010W_83,76,83
YHR010W,YHR010W_113,111,113
YHR019C,YHR019C_227,224,227
YHR019C,YHR019C_373,372,373
YHR019C,YHR019C_415,411,415
YHR019C,YHR019C_421,421,421
YHR019C,YHR019C_495,488,495
YHR019C,YHR019C_514,510,514
YHR020W,YHR020W_80,73,80
YHR020W,YHR020W_106,103,106
YHR020W,YHR020W_338,332,338
YHR020W,YHR020W_355,351,355
YHR020W,YHR020W_372,365,372
YHR025W,YHR025W_137,136,137
YHR025W,YHR025W_264,260,264
YHR025W,YHR025W_284,276,284
YHR025W,YHR025W_348,346,348
YHR027C,YHR027C_148,144,148
YHR027C,YHR027C_251,248,251
YHR027C,YHR027C_296,293,296
YHR039C-A,YHR039C-A_79,72,79
YHR064C,YHR064C_154,150,154
YHR064C,YHR064C_189,185,189
YHR064C,YHR064C_311,302,311
YHR064C,YHR064C_335,332,335
YHR064C,YHR064C_364,362,364
YHR064C,YHR064C_481,478,481
YHR068W,YHR068W_170,168,170
YHR068W,YHR068W_198,193,198
YHR068W,YHR068W_290,288,290
YHR089C,YHR089C_180,175,180
YHR104W,YHR104W_255,251,255
YHR128W,YHR128W_157,147,157
YHR128W,YHR128W_165,159,165
YHR136C,YHR136C_132,130,132
YHR141C,YHR141C_77,75,77
YHR141C,YHR141C_92,88,92
YHR146W,YHR146W_79,76,79
YHR146W,YHR146W_99,92,99
YHR146W,YHR146W_190,186,190
YHR146W,YHR146W_349,345,349
YHR162W,YHR162W_61,60,61
YHR174W,YHR174W_224,220,224
YHR174W,YHR174W_245,237,245
YHR174W,YHR174W_342,339,342
YHR174W,YHR174W_371,367,371
YHR174W,YHR174W_408,405,408
YHR174W,YHR174W_417,416,417
YHR179W,YHR179W_162,156,162
YHR179W,YHR179W_225,211,225
YHR179W,YHR179W_269,267,269
YHR179W,YHR179W_339,336,339
YHR183W,YHR183W_116,112,116
YHR183W,YHR183W_135,132,135
YHR183W,YHR183W_228,225,228
YHR183W,YHR183W_343,341,343
YHR183W,YHR183W_362,356,362
YHR190W,YHR190W_116,105,116
YHR193C,YHR193C_86,81,86
YHR203C,YHR203C_117,115,117
YHR203C,YHR203C_123,121,123
YHR203C,YHR203C_164,161,164
YHR203C,YHR203C_226,224,226
YHR208W,YHR208W_119,108,119
YHR208W,YHR208W_207,205,207
YHR208W,YHR208W_310,308,310
YIL018W,YIL018W_126,126,126
YIL018W,YIL018W_132,132,132
YIL018W,YIL018W_220,220,220
YIL041W,YIL041W_127,123,127
YIL051C,YIL051C_87,85,87
YIL052C,YIL052C_58,56,58
YIL052C,YIL052C_109,107,109
YIL053W,YIL053W_109,107,109
YIL053W,YIL053W_153,140,153
YIL053W,YIL053W_159,159,159
YIL053W,YIL053W_171,168,171
YIL062C,YIL062C_105,101,105
YIL069C,YIL069C_64,64,64
YIL075C,YIL075C_784,781,784
YIL075C,YIL075C_865,863,865
YIL075C,YIL075C_915,912,915
YIL076W,YIL076W_282,277,282
YIL078W,YIL078W_75,72,75
YIL078W,YIL078W_233,225,233
YIL078W,YIL078W_292,290,292
YIL078W,YIL078W_318,315,318
YIL078W,YIL078W_330,323,330
YIL078W,YIL078W_438,433,438
YIL078W,YIL078W_510,504,510
YIL078W,YIL078W_556,553,556
YIL078W,YIL078W_688,680,688
YIL078W,YIL078W_721,719,721
YIL109C,YIL109C_254,254,254
YIL109C,YIL109C_284,284,284
YIL109C,YIL109C_303,300,303
YIL123W,YIL123W_55,50,55
YIL123W,YIL123W_80,77,80
YIL123W,YIL123W_94,92,94
YIL123W,YIL123W_320,312,320
YIL133C,YIL133C_120,119,120
YIL133C,YIL133C_130,130,130
YIL133C,YIL133C_154,152,154
YIL148W,YIL148W_76,74,76
YIR037W,YIR037W_135,131,135
YJL001W,YJL001W_92,90,92
YJL001W,YJL001W_99,98,99
YJL001W,YJL001W_113,110,113
YJL001W,YJL001W_121,120,121
YJL008C,YJL008C_210,207,210
YJL008C,YJL008C_495,493,495
YJL012C,YJL012C_107,105,107
YJL012C,YJL012C_351,344,351
YJL012C,YJL012C_388,387,388
YJL012C,YJL012C_402,396,402
YJL012C,YJL012C_475,470,475
YJL014W,YJL014W_152,150,152
YJL014W,YJL014W_340,332,340
YJL014W,YJL014W_347,344,347
YJL014W,YJL014W_512,510,512
YJL026W,YJL026W_143,140,143
YJL026W,YJL026W_327,319,327
YJL034W,YJL034W_71,57,71
YJL034W,YJL034W_532,525,532
YJL080C,YJL080C_242,240,242
YJL080C,YJL080C_264,262,264
YJL080C,YJL080C_339,330,339
YJL080C,YJL080C_370,370,370
YJL080C,YJL080C_664,652,664
YJL080C,YJL080C_1183,1181,1183
YJL080C,YJL080C_1194,1189,1194
YJL111W,YJL111W_82,80,82
YJL111W,YJL111W_94,90,94
YJL121C,YJL121C_106,103,106
YJL121C,YJL121C_171,169,171
YJL121C,YJL121C_178,176,178
YJL121C,YJL121C_223,220,223
YJL122W,YJL122W_122,117,122
YJL123C,YJL123C_363,353,363
YJL130C,YJL130C_250,246,250
YJL130C,YJL130C_290,286,290
YJL130C,YJL130C_302,298,302
YJL130C,YJL130C_509,509,509
YJL130C,YJL130C_643,641,643
YJL130C,YJL130C_829,826,829
YJL130C,YJL130C_872,867,872
YJL130C,YJL130C_917,915,917
YJL130C,YJL130C_988,982,988
YJL130C,YJL130C_998,996,998
YJL130C,YJL130C_1050,1045,1050
YJL130C,YJL130C_1181,1177,1181
YJL130C,YJL130C_1526,1524,1526
YJL130C,YJL130C_1595,1592,1595
YJL130C,YJL130C_1712,1710,1712
YJL130C,YJL130C_1818,1812,1818
YJL136C,YJL136C_58,52,58
YJL136C,YJL136C_61,61,61
YJL136C,YJL136C_75,75,75
YJL143W,YJL143W_111,107,111
YJL143W,YJL143W_131,128,131
YJL145W,YJL145W_110,108,110
YJL158C,YJL158C_104,104,104
YJL158C,YJL158C_136,127,136
YJL158C,YJL158C_166,166,166
YJL158C,YJL158C_187,187,187
YJL158C,YJL158C_211,209,211
YJL159W,YJL159W_91,87,91
YJL159W,YJL159W_100,99,100
YJL159W,YJL159W_225,222,225
YJL159W,YJL159W_242,241,242
YJL159W,YJL159W_252,252,252
YJL159W,YJL159W_268,262,268
YJL159W,YJL159W_329,321,329
YJL166W,YJL166W_89,78,89
YJL167W,YJL167W_90,84,90
YJL167W,YJL167W_153,150,153
YJL167W,YJL167W_252,249,252
YJL177W,YJL177W_109,105,109
YJL177W,YJL177W_131,128,131
YJL177W,YJL177W_155,150,155
YJL177W,YJL177W_163,161,163
YJL190C,YJL190C_77,69,77
YJL190C,YJL190C_86,86,86
YJL191W,YJL191W_57,53,57
YJL191W,YJL191W_125,121,125
YJL217W,YJL217W_83,81,83
YJL217W,YJL217W_117,112,117
YJR007W,YJR007W_61,52,61
YJR007W,YJR007W_121,115,121
YJR009C,YJR009C_80,74,80
YJR009C,YJR009C_208,204,208
YJR009C,YJR009C_256,256,256
YJR009C,YJR009C_292,290,292
YJR009C,YJR009C_313,307,313
YJR014W,YJR014W_73,70,73
YJR014W,YJR014W_90,85,90
YJR016C,YJR016C_74,62,74
YJR016C,YJR016C_104,102,104
YJR045C,YJR045C_288,284,288
YJR045C,YJR045C_425,424,425
YJR045C,YJR045C_509,502,509
YJR064W,YJR064W_411,408,411
YJR064W,YJR064W_457,452,457
YJR064W,YJR064W_545,543,545
YJR065C,YJR065C_241,236,241
YJR069C,YJR069C_171,165,171
YJR069C,YJR069C_194,192,194
YJR070C,YJR070C_78,77,78
YJR070C,YJR070C_104,103,104
YJR070C,YJR070C_253,250,253
YJR104C,YJR104C_134,128,134
YJR104C,YJR104C_152,150,152
YJR105W,YJR105W_174,168,174
YJR105W,YJR105W_181,176,181
YJR105W,YJR105W_188,185,188
YJR105W,YJR105W_325,318,325
YJR121W,YJR121W_75,73,75
YJR121W,YJR121W_93,88,93
YJR121W,YJR121W_189,188,189
YJR121W,YJR121W_390,387,390
YJR121W,YJR121W_493,490,493
YJR121W,YJR121W_509,506,509
YJR123W,YJR123W_87,82,87
YJR123W,YJR123W_109,107,109
YJR139C,YJR139C_288,282,288
YJR139C,YJR139C_318,314,318
YJR145C,YJR145C_87,83,87
YJR145C,YJR145C_124,115,124
YJR145C,YJR145C_164,162,164
YJR145C,YJR145C_226,224,226
YJR148W,YJR148W_99,95,99
YJR148W,YJR148W_216,216,216
YJR148W,YJR148W_309,307,309
YKL009W,YKL009W_65,60,65
YKL009W,YKL009W_161,155,161
YKL016C,YKL016C_122,117,122
YKL024C,YKL024C_96,93,96
YKL029C,YKL029C_94,93,94
YKL033W-A,YKL033W-A_176,169,176
YKL035W,YKL035W_151,146,151
YKL035W,YKL035W_191,188,191
YKL035W,YKL035W_231,223,231
YKL035W,YKL035W_252,250,252
YKL035W,YKL035W_428,424,428
YKL054C,YKL054C_193,188,193
YKL054C,YKL054C_574,572,574
YKL056C,YKL056C_143,128,143
YKL060C,YKL060C_102,98,102
YKL060C,YKL060C_148,145,148
YKL060C,YKL060C_155,151,155
YKL060C,YKL060C_205,200,205
YKL060C,YKL060C_341,341,341
YKL067W,YKL067W_88,86,88
YKL067W,YKL067W_134,129,134
YKL080W,YKL080W_78,75,78
YKL080W,YKL080W_221,218,221
YKL080W,YKL080W_304,299,304
YKL080W,YKL080W_335,331,335
YKL080W,YKL080W_362,347,362
YKL081W,YKL081W_166,157,166
YKL081W,YKL081W_191,187,191
YKL081W,YKL081W_255,251,255
YKL081W,YKL081W_333,324,333
YKL081W,YKL081W_400,399,400
YKL096W,YKL096W_181,179,181
YKL096W-A,YKL096W-A_91,84,91
YKL117W,YKL117W_102,99,102
YKL117W,YKL117W_139,135,139
YKL117W,YKL117W_148,145,148
YKL120W,YKL120W_96,91,96
YKL120W,YKL120W_200,195,200
YKL127W,YKL127W_381,381,381
YKL127W,YKL127W_390,388,390
YKL127W,YKL127W_566,562,566
YKL142W,YKL142W_197,191,197
YKL152C,YKL152C_78,76,78
YKL152C,YKL152C_114,110,114
YKL152C,YKL152C_230,229,230
YKL152C,YKL152C_241,236,241
YKL157W,YKL157W_606,603,606
YKL172W,YKL172W_257,255,257
YKL180W,YKL180W_109,104,109
YKL180W,YKL180W_132,127,132
YKL180W,YKL180W_155,150,155
YKL180W,YKL180W_164,161,164
YKL180W,YKL180W_176,176,176
YKL181W,YKL181W_147,143,147
YKL182W,YKL182W_472,468,472
YKL182W,YKL182W_534,532,534
YKL182W,YKL182W_715,713,715
YKL182W,YKL182W_804,801,804
YKL182W,YKL182W_922,914,922
YKL182W,YKL182W_928,926,928
YKL182W,YKL182W_985,984,985
YKL182W,YKL182W_1062,1059,1062
YKL182W,YKL182W_1069,1069,1069
YKL182W,YKL182W_1211,1211,1211
YKL182W,YKL182W_1314,1314,1314
YKL182W,YKL182W_1493,1489,1493
YKL182W,YKL182W_1519,1515,1519
YKL182W,YKL182W_1641,1637,1641
YKL182W,YKL182W_1650,1646,1650
YKL182W,YKL182W_1876,1874,1876
YKL182W,YKL182W_1922,1921,1922
YKL182W,YKL182W_1998,1992,1998
YKL182W,YKL182W_2031,2023,2031
YKL192C,YKL192C_73,69,73
YKL192C,YKL192C_86,84,86
YKL192C,YKL192C_105,99,105
YKL196C,YKL196C_133,124,133
YKL210W,YKL210W_599,592,599
YKL210W,YKL210W_628,622,628
YKL210W,YKL210W_649,643,649
YKL210W,YKL210W_669,665,669
YKL212W,YKL212W_200,191,200
YKL212W,YKL212W_205,205,205
YKL212W,YKL212W_560,558,560
YKL212W,YKL212W_569,566,569
YKL216W,YKL216W_213,211,213
YKL216W,YKL216W_264,255,264
YKL216W,YKL216W_287,287,287
YKR001C,YKR001C_233,229,233
YKR001C,YKR001C_312,311,312
YKR001C,YKR001C_392,390,392
YKR042W,YKR042W_84,76,84
YKR042W,YKR042W_107,105,107
YKR042W,YKR042W_210,202,210
YKR042W,YKR042W_278,275,278
YKR043C,YKR043C_136,123,136
YKR048C,YKR048C_297,297,297
YKR048C,YKR048C_353,353,353
YKR057W,YKR057W_61,61,61
YKR057W,YKR057W_79,76,79
YKR059W,YKR059W_388,386,388
YKR066C,YKR066C_70,68,70
YKR081C,YKR081C_54,54,54
YKR092C,YKR092C_75,72,75
YLL018C,YLL018C_213,207,213
YLL018C,YLL018C_287,284,287
YLL018C,YLL018C_337,331,337
YLL018C,YLL018C_356,355,356
YLL018C,YLL018C_451,444,451
YLL018C,YLL018C_482,478,482
YLL018C,YLL018C_498,494,498
YLL024C,YLL024C_74,73,74
YLL024C,YLL024C_103,95,103
YLL024C,YLL024C_131,130,131
YLL024C,YLL024C_266,258,266
YLL024C,YLL024C_328,324,328
YLL024C,YLL024C_415,415,415
YLL024C,YLL024C_430,428,430
YLL026W,YLL026W_119,113,119
YLL026W,YLL026W_426,424,426
YLL026W,YLL026W_646,640,646
YLL026W,YLL026W_655,655,655
YLL026W,YLL026W_842,832,842
YLL026W,YLL026W_908,894,908
YLL039C,YLL039C_229,227,229
YLL045C,YLL045C_118,109,118
YLL045C,YLL045C_133,133,133
YLL045C,YLL045C_185,182,185
YLL045C,YLL045C_197,195,197
YLL045C,YLL045C_230,230,230
YLL050C,YLL050C_88,84,88
YLL050C,YLL050C_144,130,144
YLR003C,YLR003C_240,238,240
YLR027C,YLR027C_281,277,281
YLR027C,YLR027C_322,319,322
YLR027C,YLR027C_395,391,395
YLR028C,YLR028C_251,246,251
YLR029C,YLR029C_72,68,72
YLR029C,YLR029C_114,103,114
YLR029C,YLR029C_163,157,163
YLR043C,YLR043C_84,73,84
YLR044C,YLR044C_204,199,204
YLR044C,YLR044C_276,274,276
YLR044C,YLR044C_482,477,482
YLR044C,YLR044C_513,499,513
YLR048W,YLR048W_130,121,130
YLR048W,YLR048W_153,148,153
YLR048W,YLR048W_238,233,238
YLR048W,YLR048W_245,243,245
YLR056W,YLR056W_109,103,109
YLR058C,YLR058C_142,139,142
YLR058C,YLR058C_245,212,245
YLR058C,YLR058C_250,250,250
YLR058C,YLR058C_403,401,403
YLR058C,YLR058C_458,456,458
YLR060W,YLR060W_160,149,160
YLR060W,YLR060W_183,175,183
YLR060W,YLR060W_477,470,477
YLR060W,YLR060W_534,531,534
YLR060W,YLR060W_551,540,551
YLR061W,YLR061W_104,104,104
YLR075W,YLR075W_88,84,88
YLR075W,YLR075W_143,141,143
YLR075W,YLR075W_189,183,189
YLR075W,YLR075W_198,198,198
YLR100W,YLR100W_174,171,174
YLR100W,YLR100W_185,183,185
YLR109W,YLR109W_80,76,80
YLR109W,YLR109W_141,141,141
YLR109W,YLR109W_161,159,161
YLR110C,YLR110C_83,76,83
YLR110C,YLR110C_97,93,97
YLR110C,YLR110C_115,112,115
YLR110C,YLR110C_131,121,131
YLR150W,YLR150W_116,110,116
YLR150W,YLR150W_121,121,121
YLR150W,YLR150W_136,134,136
YLR150W,YLR150W_149,149,149
YLR150W,YLR150W_251,246,251
YLR150W,YLR150W_257,256,257
YLR150W,YLR150W_266,265,266
YLR153C,YLR153C_87,80,87
YLR153C,YLR153C_143,140,143
YLR153C,YLR153C_302,299,302
YLR153C,YLR153C_419,415,419
YLR153C,YLR153C_558,545,558
YLR167W,YLR167W_79,79,79
YLR167W,YLR167W_121,118,121
YLR167W,YLR167W_146,141,146
YLR175W,YLR175W_120,117,120
YLR175W,YLR175W_174,170,174
YLR175W,YLR175W_283,280,283
YLR180W,YLR180W_220,219,220
YLR180W,YLR180W_249,249,249
YLR180W,YLR180W_290,270,290
YLR180W,YLR180W_344,340,344
YLR192C,YLR192C_210,205,210
YLR192C,YLR192C_232,231,232
YLR192C,YLR192C_260,259,260
YLR197W,YLR197W_70,65,70
YLR197W,YLR197W_211,209,211
YLR197W,YLR197W_243,238,243
YLR208W,YLR208W_230,227,230
YLR208W,YLR208W_264,260,264
YLR216C,YLR216C_300,297,300
YLR216C,YLR216C_326,323,326
YLR244C,YLR244C_135,133,135
YLR244C,YLR244C_148,144,148
YLR244C,YLR244C_358,356,358
YLR249W,YLR249W_171,164,171
YLR249W,YLR249W_211,208,211
YLR249W,YLR249W_230,227,230
YLR249W,YLR249W_329,322,329
YLR249W,YLR249W_346,343,346
YLR249W,YLR249W_355,350,355
YLR249W,YLR249W_435,426,435
YLR249W,YLR249W_502,499,502
YLR249W,YLR249W_518,512,518
YLR249W,YLR249W_601,598,601
YLR249W,YLR249W_641,633,641
YLR249W,YLR249W_661,652,661
YLR249W,YLR249W_717,715,717
YLR249W,YLR249W_956,950,956
YLR259C,YLR259C_68,65,68
YLR259C,YLR259C_88,80,88
YLR259C,YLR259C_272,271,272
YLR259C,YLR259C_347,344,347
YLR259C,YLR259C_488,487,488
YLR259C,YLR259C_549,549,549
YLR264W,YLR264W_60,53,60
YLR285W,YLR285W_105,103,105
YLR287C-A,YLR287C-A_61,57,61
YLR293C,YLR293C_147,141,147
YLR293C,YLR293C_156,154,156
YLR293C,YLR293C_187,173,187
YLR293C,YLR293C_192,192,192
YLR295C,YLR295C_101,98,101
YLR295C,YLR295C_113,111,113
YLR300W,YLR300W_58,54,58
YLR301W,YLR301W_82,76,82
YLR304C,YLR304C_358,353,358
YLR304C,YLR304C_604,604,604
YLR304C,YLR304C_615,611,615
YLR304C,YLR304C_626,624,626
YLR314C,YLR314C_202,191,202
YLR314C,YLR314C_233,230,233
YLR325C,YLR325C_58,55,58
YLR325C,YLR325C_75,64,75
YLR333C,YLR333C_69,67,69
YLR340W,YLR340W_63,60,63
YLR340W,YLR340W_101,100,101
YLR340W,YLR340W_170,168,170
YLR342W,YLR342W_496,492,496
YLR344W,YLR344W_101,101,101
YLR351C,YLR351C_124,123,124
YLR354C,YLR354C_158,157,158
YLR354C,YLR354C_234,229,234
YLR354C,YLR354C_244,242,244
YLR354C,YLR354C_268,266,268
YLR355C,YLR355C_74,64,74
YLR355C,YLR355C_89,82,89
YLR355C,YLR355C_96,95,96
YLR355C,YLR355C_120,119,120
YLR355C,YLR355C_208,202,208
YLR355C,YLR355C_386,379,386
YLR359W,YLR359W_192,188,192
YLR359W,YLR359W_220,218,220
YLR359W,YLR359W_273,269,273
YLR359W,YLR359W_406,404,406
YLR367W,YLR367W_83,82,83
YLR370C,YLR370C_146,138,146
YLR390W-A,YLR390W-A_175,175,175
YLR390W-A,YLR390W-A_194,190,194
YLR390W-A,YLR390W-A_207,203,207
YLR390W-A,YLR390W-A_215,213,215
YLR390W-A,YLR390W-A_228,226,228
YLR399C,YLR399C_436,431,436
YLR406C,YLR406C_106,82,106
YLR420W,YLR420W_272,270,272
YLR429W,YLR429W_120,118,120
YLR429W,YLR429W_222,216,222
YLR432W,YLR432W_61,58,61
YLR432W,YLR432W_162,158,162
YLR432W,YLR432W_507,506,507
YLR441C,YLR441C_72,70,72
YLR441C,YLR441C_125,120,125
YLR441C,YLR441C_134,127,134
YLR441C,YLR441C_156,156,156
YLR441C,YLR441C_200,197,200
YLR447C,YLR447C_116,112,116
YLR447C,YLR447C_138,136,138
YLR447C,YLR447C_173,171,173
YLR447C,YLR447C_206,200,206
YLR448W,YLR448W_79,69,79
YLR448W,YLR448W_91,89,91
YLR448W,YLR448W_140,135,140
YLR449W,YLR449W_214,211,214
YML004C,YML004C_96,76,96
YML008C,YML008C_178,175,178
YML008C,YML008C_208,204,208
YML008C,YML008C_350,350,350
YML012W,YML012W_63,60,63
YML022W,YML022W_82,78,82
YML024W,YML024W_60,54,60
YML024W,YML024W_117,117,117
YML026C,YML026C_96,79,96
YML028W,YML028W_97,85,97
YML028W,YML028W_118,116,118
YML028W,YML028W_172,172,172
YML028W,YML028W_185,181,185
YML048W,YML048W_104,101,104
YML056C,YML056C_114,113,114
YML056C,YML056C_163,159,163
YML056C,YML056C_215,212,215
YML056C,YML056C_505,503,505
YML056C,YML056C_521,519,521
YML058W,YML058W_65,64,65
YML058W,YML058W_82,75,82
YML058W,YML058W_97,95,97
YML063W,YML063W_125,120,125
YML063W,YML063W_133,127,133
YML063W,YML063W_156,156,156
YML063W,YML063W_200,196,200
YML070W,YML070W_525,521,525
YML073C,YML073C_144,139,144
YML074C,YML074C_59,56,59
YML074C,YML074C_72,68,72
YML074C,YML074C_336,334,336
YML078W,YML078W_117,111,117
YML085C,YML085C_328,317,328
YML085C,YML085C_432,432,432
YML092C,YML092C_177,174,177
YML106W,YML106W_96,96,96
YML106W,YML106W_137,127,137
YML126C,YML126C_105,101,105
YML126C,YML126C_353,346,353
YML126C,YML126C_363,357,363
YML126C,YML126C_402,397,402
YMR012W,YMR012W_90,60,90
YMR012W,YMR012W_167,164,167
YMR012W,YMR012W_172,172,172
YMR012W,YMR012W_736,732,736
YMR012W,YMR012W_1094,1091,1094
YMR038C,YMR038C_148,148,148
YMR038C,YMR038C_168,164,168
YMR038C,YMR038C_229,225,229
YMR058W,YMR058W_115,112,115
YMR072W,YMR072W_90,84,90
YMR072W,YMR072W_121,115,121
YMR079W,YMR079W_120,112,120
YMR079W,YMR079W_167,165,167
YMR079W,YMR079W_220,215,220
YMR079W,YMR079W_238,226,238
YMR083W,YMR083W_96,84,96
YMR083W,YMR083W_139,135,139
YMR083W,YMR083W_327,325,327
YMR099C,YMR099C_102,100,102
YMR099C,YMR099C_134,131,134
YMR108W,YMR108W_305,302,305
YMR108W,YMR108W_351,347,351
YMR108W,YMR108W_376,372,376
YMR108W,YMR108W_639,635,639
YMR108W,YMR108W_673,666,673
YMR116C,YMR116C_182,178,182
YMR116C,YMR116C_205,199,205
YMR116C,YMR116C_229,222,229
YMR116C,YMR116C_269,266,269
YMR116C,YMR116C_317,311,317
YMR120C,YMR120C_252,244,252
YMR120C,YMR120C_505,503,505
YMR122W-A,YMR122W-A_80,78,80
YMR123W,YMR123W_55,51,55
YMR142C,YMR142C_64,60,64
YMR142C,YMR142C_118,111,118
YMR142C,YMR142C_123,123,123
YMR142C,YMR142C_140,140,140
YMR142C,YMR142C_163,158,163
YMR143W,YMR143W_122,113,122
YMR143W,YMR143W_134,132,134
YMR146C,YMR146C_121,116,121
YMR146C,YMR146C_128,128,128
YMR146C,YMR146C_326,315,326
YMR186W,YMR186W_188,186,188
YMR186W,YMR186W_237,231,237
YMR186W,YMR186W_242,242,242
YMR186W,YMR186W_365,364,365
YMR186W,YMR186W_384,379,384
YMR186W,YMR186W_482,480,482
YMR186W,YMR186W_501,501,501
YMR186W,YMR186W_554,551,554
YMR186W,YMR186W_662,659,662
YMR194W,YMR194W_73,67,73
YMR194W,YMR194W_92,92,92
YMR203W,YMR203W_285,283,285
YMR203W,YMR203W_388,383,388
YMR205C,YMR205C_74,71,74
YMR205C,YMR205C_153,148,153
YMR205C,YMR205C_282,273,282
YMR205C,YMR205C_293,289,293
YMR205C,YMR205C_321,315,321
YMR205C,YMR205C_587,584,587
YMR205C,YMR205C_595,590,595
YMR205C,YMR205C_628,625,628
YMR205C,YMR205C_683,681,683
YMR205C,YMR205C_897,893,897
YMR205C,YMR205C_904,902,904
YMR217W,YMR217W_158,158,158
YMR217W,YMR217W_169,167,169
YMR217W,YMR217W_341,331,341
YMR217W,YMR217W_369,361,369
YMR217W,YMR217W_523,519,523
YMR226C,YMR226C_129,126,129
YMR230W,YMR230W_102,93,102
YMR235C,YMR235C_262,248,262
YMR235C,YMR235C_336,336,336
YMR241W,YMR241W_170,168,170
YMR242C,YMR242C_66,64,66
YMR242C,YMR242C_97,95,97
YMR246W,YMR246W_233,231,233
YMR246W,YMR246W_592,590,592
YMR246W,YMR246W_638,614,638
YMR246W,YMR246W_648,646,648
YMR260C,YMR260C_115,114,115
YMR260C,YMR260C_137,132,137
YMR290C,YMR290C_119,114,119
YMR290C,YMR290C_130,127,130
YMR290C,YMR290C_346,344,346
YMR295C,YMR295C_145,140,145
YMR297W,YMR297W_131,128,131
YMR300C,YMR300C_301,299,301
YMR307W,YMR307W_166,163,166
YMR307W,YMR307W_180,178,180
YMR307W,YMR307W_235,222,235
YMR309C,YMR309C_444,437,444
YMR309C,YMR309C_449,449,449
YMR309C,YMR309C_479,473,479
YMR309C,YMR309C_549,546,549
YMR309C,YMR309C_650,646,650
YMR309C,YMR309C_746,744,746
YMR315W,YMR315W_201,195,201
YMR315W,YMR315W_210,205,210
YMR315W,YMR315W_218,214,218
YMR318C,YMR318C_171,171,171
YMR318C,YMR318C_188,184,188
YMR318C,YMR318C_331,325,331
YMR318C,YMR318C_342,338,342
YNL002C,YNL002C_239,236,239
YNL007C,YNL007C_54,48,54
YNL007C,YNL007C_350,345,350
YNL010W,YNL010W_110,107,110
YNL016W,YNL016W_159,154,159
YNL016W,YNL016W_446,435,446
YNL030W,YNL030W_95,95,95
YNL031C,YNL031C_111,106,111
YNL031C,YNL031C_128,125,128
YNL037C,YNL037C_173,168,173
YNL037C,YNL037C_216,214,216
YNL055C,YNL055C_224,222,224
YNL055C,YNL055C_236,233,236
YNL055C,YNL055C_262,249,262
YNL064C,YNL064C_82,80,82
YNL064C,YNL064C_249,243,249
YNL064C,YNL064C_265,264,265
YNL064C,YNL064C_404,402,404
YNL066W,YNL066W_97,95,97
YNL067W,YNL067W_76,64,76
YNL067W,YNL067W_113,105,113
YNL069C,YNL069C_119,118,119
YNL069C,YNL069C_129,129,129
YNL069C,YNL069C_152,148,152
YNL069C,YNL069C_167,163,167
YNL071W,YNL071W_58,58,58
YNL071W,YNL071W_76,74,76
YNL071W,YNL071W_339,337,339
YNL071W,YNL071W_363,361,363
YNL079C,YNL079C_96,88,96
YNL079C,YNL079C_135,128,135
YNL096C,YNL096C_105,84,105
YNL096C,YNL096C_123,113,123
YNL104C,YNL104C_94,91,94
YNL104C,YNL104C_204,202,204
YNL112W,YNL112W_265,263,265
YNL113W,YNL113W_63,60,63
YNL131W,YNL131W_123,119,123
YNL131W,YNL131W_143,133,143
YNL135C,YNL135C_81,75,81
YNL138W,YNL138W_77,73,77
YNL138W,YNL138W_124,121,124
YNL138W,YNL138W_243,236,243
YNL162W,YNL162W_83,75,83
YNL162W,YNL162W_92,85,92
YNL175C,YNL175C_187,187,187
YNL175C,YNL175C_219,217,219
YNL175C,YNL175C_326,324,326
YNL178W,YNL178W_92,86,92
YNL178W,YNL178W_102,101,102
YNL178W,YNL178W_122,122,122
YNL178W,YNL178W_192,188,192
YNL178W,YNL178W_201,196,201
YNL178W,YNL178W_229,225,229
YNL178W,YNL178W_234,234,234
YNL189W,YNL189W_182,179,182
YNL189W,YNL189W_235,232,235
YNL189W,YNL189W_350,347,350
YNL189W,YNL189W_362,360,362
YNL190W,YNL190W_66,62,66
YNL220W,YNL220W_117,115,117
YNL220W,YNL220W_151,141,151
YNL220W,YNL220W_172,171,172
YNL220W,YNL220W_248,248,248
YNL220W,YNL220W_321,318,321
YNL231C,YNL231C_208,194,208
YNL231C,YNL231C_227,222,227
YNL241C,YNL241C_117,113,117
YNL241C,YNL241C_454,453,454
YNL247W,YNL247W_358,354,358
YNL247W,YNL247W_650,648,650
YNL247W,YNL247W_767,763,767
YNL281W,YNL281W_125,116,125
YNL301C,YNL301C_78,75,78
YNL301C,YNL301C_98,83,98
YNL302C,YNL302C_81,80,81
YNL302C,YNL302C_144,141,144
YNL307C,YNL307C_86,84,86
YNR016C,YNR016C_129,127,129
YNR016C,YNR016C_292,292,292
YNR016C,YNR016C_301,299,301
YNR016C,YNR016C_309,305,309
YNR016C,YNR016C_762,760,762
YNR016C,YNR016C_1149,1148,1149
YNR016C,YNR016C_1289,1287,1289
YNR016C,YNR016C_1539,1531,1539
YNR016C,YNR016C_1896,1894,1896
YNR016C,YNR016C_1921,1919,1921
YNR016C,YNR016C_1931,1927,1931
YNR016C,YNR016C_2107,2103,2107
YNR016C,YNR016C_2206,2204,2206
YNR035C,YNR035C_236,224,236
YNR036C,YNR036C_137,134,137
YNR043W,YNR043W_146,144,146
YNR043W,YNR043W_156,152,156
YNR043W,YNR043W_274,271,274
YOL005C,YOL005C_118,116,118
YOL030W,YOL030W_136,132,136
YOL038W,YOL038W_176,173,176
YOL038W,YOL038W_185,180,185
YOL038W,YOL038W_240,236,240
YOL039W,YOL039W_68,64,68
YOL040C,YOL040C_79,79,79
YOL040C,YOL040C_88,85,88
YOL040C,YOL040C_129,125,129
YOL077C,YOL077C_218,209,218
YOL077C,YOL077C_235,232,235
YOL086C,YOL086C_62,59,62
YOL086C,YOL086C_127,123,127
YOL086C,YOL086C_171,168,171
YOL086C,YOL086C_211,198,211
YOL086C,YOL086C_233,233,233
YOL086C,YOL086C_276,275,276
YOL097C,YOL097C_127,127,127
YOL109W,YOL109W_62,62,62
YOL120C,YOL120C_78,75,78
YOL120C,YOL120C_96,88,96
YOL121C,YOL121C_81,81,81
YOL121C,YOL121C_143,141,143
YOL123W,YOL123W_214,203,214
YOL123W,YOL123W_244,242,244
YOL127W,YOL127W_76,74,76
YOL127W,YOL127W_100,93,100
YOL127W,YOL127W_140,138,140
YOL129W,YOL129W_86,83,86
YOL139C,YOL139C_107,104,107
YOL139C,YOL139C_156,152,156
YOL139C,YOL139C_200,198,200
YOL143C,YOL143C_140,136,140
YOR007C,YOR007C_191,189,191
YOR007C,YOR007C_213,209,213
YOR007C,YOR007C_222,215,222
YOR007C,YOR007C_241,233,241
YOR020C,YOR020C_64,59,64
YOR021C,YOR021C_126,123,126
YOR027W,YOR027W_121,115,121
YOR027W,YOR027W_383,383,383
YOR027W,YOR027W_421,411,421
YOR027W,YOR027W_467,456,467
YOR027W,YOR027W_509,502,509
YOR046C,YOR046C_121,119,121
YOR046C,YOR046C_129,128,129
YOR046C,YOR046C_298,296,298
YOR046C,YOR046C_323,321,323
YOR063W,YOR063W_84,81,84
YOR063W,YOR063W_89,89,89
YOR063W,YOR063W_124,118,124
YOR063W,YOR063W_145,136,145
YOR063W,YOR063W_197,187,197
YOR089C,YOR089C_141,141,141
YOR091W,YOR091W_88,86,88
YOR095C,YOR095C_226,222,226
YOR096W,YOR096W_83,80,83
YOR096W,YOR096W_89,87,89
YOR096W,YOR096W_124,115,124
YOR096W,YOR096W_155,153,155
YOR096W,YOR096W_187,185,187
YOR117W,YOR117W_209,209,209
YOR117W,YOR117W_298,296,298
YOR117W,YOR117W_310,308,310
YOR117W,YOR117W_369,367,369
YOR122C,YOR122C_68,65,68
YOR136W,YOR136W_74,71,74
YOR136W,YOR136W_149,147,149
YOR136W,YOR136W_175,173,175
YOR145C,YOR145C_182,182,182
YOR153W,YOR153W_72,67,72
YOR153W,YOR153W_311,302,311
YOR153W,YOR153W_330,328,330
YOR153W,YOR153W_454,454,454
YOR153W,YOR153W_469,465,469
YOR153W,YOR153W_484,480,484
YOR153W,YOR153W_552,546,552
YOR153W,YOR153W_931,927,931
YOR153W,YOR153W_1243,1241,1243
YOR157C,YOR157C_110,108,110
YOR164C,YOR164C_68,54,68
YOR164C,YOR164C_97,90,97
YOR167C,YOR167C_61,53,61
YOR168W,YOR168W_311,304,311
YOR168W,YOR168W_419,417,419
YOR168W,YOR168W_507,505,507
YOR168W,YOR168W_604,600,604
YOR168W,YOR168W_644,636,644
YOR168W,YOR168W_654,650,654
YOR168W,YOR168W_753,749,753
YOR182C,YOR182C_61,57,61
YOR184W,YOR184W_96,94,96
YOR184W,YOR184W_143,138,143
YOR184W,YOR184W_158,155,158
YOR184W,YOR184W_170,166,170
YOR197W,YOR197W_249,247,249
YOR197W,YOR197W_260,255,260
YOR198C,YOR198C_81,71,81
YOR198C,YOR198C_305,301,305
YOR198C,YOR198C_350,347,350
YOR198C,YOR198C_402,398,402
YOR202W,YOR202W_68,66,68
YOR204W,YOR204W_308,299,308
YOR204W,YOR204W_329,327,329
YOR204W,YOR204W_556,554,556
YOR209C,YOR209C_281,277,281
YOR224C,YOR224C_86,81,86
YOR224C,YOR224C_94,92,94
YOR226C,YOR226C_154,152,154
YOR230W,YOR230W_200,194,200
YOR230W,YOR230W_276,273,276
YOR230W,YOR230W_336,336,336
YOR230W,YOR230W_348,346,348
YOR234C,YOR234C_96,93,96
YOR247W,YOR247W_182,180,182
YOR261C,YOR261C_254,248,254
YOR270C,YOR270C_66,64,66
YOR270C,YOR270C_94,92,94
YOR270C,YOR270C_111,109,111
YOR270C,YOR270C_130,119,130
YOR270C,YOR270C_278,273,278
YOR276W,YOR276W_117,114,117
YOR285W,YOR285W_93,88,93
YOR293W,YOR293W_102,93,102
YOR298C-A,YOR298C-A_152,131,152
YOR310C,YOR310C_166,159,166
YOR310C,YOR310C_228,225,228
YOR310C,YOR310C_454,449,454
YOR310C,YOR310C_476,468,476
YOR312C,YOR312C_86,64,86
YOR312C,YOR312C_97,95,97
YOR323C,YOR323C_124,122,124
YOR323C,YOR323C_367,355,367
YOR332W,YOR332W_85,80,85
YOR332W,YOR332W_112,109,112
YOR332W,YOR332W_126,125,126
YOR332W,YOR332W_134,133,134
YOR335C,YOR335C_88,76,88
YOR335C,YOR335C_128,125,128
YOR335C,YOR335C_328,320,328
YOR335C,YOR335C_609,603,609
YOR361C,YOR361C_311,306,311
YOR361C,YOR361C_335,329,335
YOR361C,YOR361C_421,419,421
YOR361C,YOR361C_485,481,485
YOR361C,YOR361C_567,563,567
YOR362C,YOR362C_179,179,179
YOR369C,YOR369C_79,73,79
YOR369C,YOR369C_129,124,129
YOR374W,YOR374W_471,471,471
YOR375C,YOR375C_167,162,167
YOR375C,YOR375C_244,238,244
YOR382W,YOR382W_79,75,79
YOR382W,YOR382W_106,102,106
YOR383C,YOR383C_82,75,82
YOR383C,YOR383C_164,162,164
YOR383C,YOR383C_195,190,195
YPL004C,YPL004C_175,169,175
YPL004C,YPL004C_187,182,187
YPL004C,YPL004C_312,308,312
YPL010W,YPL010W_130,121,130
YPL019C,YPL019C_115,113,115
YPL019C,YPL019C_200,194,200
YPL019C,YPL019C_268,265,268
YPL019C,YPL019C_751,748,751
YPL028W,YPL028W_233,230,233
YPL028W,YPL028W_274,272,274
YPL028W,YPL028W_322,317,322
YPL028W,YPL028W_347,345,347
YPL028W,YPL028W_379,370,379
YPL028W,YPL028W_389,387,389
YPL037C,YPL037C_96,90,96
YPL048W,YPL048W_66,63,66
YPL048W,YPL048W_72,71,72
YPL048W,YPL048W_337,328,337
YPL048W,YPL048W_350,345,350
YPL061W,YPL061W_63,59,63
YPL061W,YPL061W_140,135,140
YPL061W,YPL061W_218,211,218
YPL061W,YPL061W_398,393,398
YPL061W,YPL061W_438,437,438
YPL061W,YPL061W_456,453,456
YPL079W,YPL079W_84,80,84
YPL079W,YPL079W_103,96,103
YPL081W,YPL081W_103,96,103
YPL090C,YPL090C_122,114,122
YPL090C,YPL090C_228,226,228
YPL106C,YPL106C_96,94,96
YPL106C,YPL106C_154,153,154
YPL106C,YPL106C_196,190,196
YPL106C,YPL106C_354,351,354
YPL106C,YPL106C_372,365,372
YPL106C,YPL106C_437,430,437
YPL106C,YPL106C_478,477,478
YPL106C,YPL106C_512,508,512
YPL106C,YPL106C_524,519,524
YPL106C,YPL106C_569,567,569
YPL117C,YPL117C_172,169,172
YPL117C,YPL117C_283,271,283
YPL127C,YPL127C_117,112,117
YPL127C,YPL127C_256,252,256
YPL131W,YPL131W_89,87,89
YPL131W,YPL131W_132,130,132
YPL131W,YPL131W_139,136,139
YPL131W,YPL131W_206,197,206
YPL131W,YPL131W_267,262,267
YPL143W,YPL143W_96,89,96
YPL145C,YPL145C_208,203,208
YPL145C,YPL145C_244,239,244
YPL145C,YPL145C_300,288,300
YPL145C,YPL145C_352,350,352
YPL154C,YPL154C_75,68,75
YPL154C,YPL154C_261,252,261
YPL160W,YPL160W_457,455,457
YPL160W,YPL160W_636,629,636
YPL160W,YPL160W_824,822,824
YPL160W,YPL160W_920,917,920
YPL160W,YPL160W_1029,1024,1029
YPL160W,YPL160W_1040,1035,1040
YPL198W,YPL198W_136,136,136
YPL218W,YPL218W_82,77,82
YPL218W,YPL218W_125,120,125
YPL220W,YPL220W_110,109,110
YPL225W,YPL225W_72,68,72
YPL226W,YPL226W_201,199,201
YPL226W,YPL226W_212,212,212
YPL226W,YPL226W_235,234,235
YPL226W,YPL226W_244,242,244
YPL226W,YPL226W_548,543,548
YPL226W,YPL226W_557,557,557
YPL226W,YPL226W_812,810,812
YPL226W,YPL226W_903,901,903
YPL226W,YPL226W_1009,1007,1009
YPL231W,YPL231W_764,759,764
YPL231W,YPL231W_1114,1107,1114
YPL231W,YPL231W_1135,1132,1135
YPL231W,YPL231W_1216,1207,1216
YPL231W,YPL231W_1468,1460,1468
YPL237W,YPL237W_211,207,211
YPL239W,YPL239W_163,160,163
YPL240C,YPL240C_186,186,186
YPL240C,YPL240C_233,231,233
YPL240C,YPL240C_376,368,376
YPL240C,YPL240C_390,383,390
YPL240C,YPL240C_508,505,508
YPL249C-A,YPL249C-A_73,70,73
YPL249C-A,YPL249C-A_98,92,98
YPL262W,YPL262W_484,480,484
YPR010C,YPR010C_593,592,593
YPR010C,YPR010C_697,693,697
YPR010C,YPR010C_823,816,823
YPR010C,YPR010C_914,912,914
YPR010C,YPR010C_1072,1070,1072
YPR028W,YPR028W_85,82,85
YPR033C,YPR033C_174,169,174
YPR033C,YPR033C_184,184,184
YPR033C,YPR033C_193,191,193
YPR033C,YPR033C_465,462,465
YPR033C,YPR033C_544,542,544
YPR035W,YPR035W_129,123,129
YPR035W,YPR035W_166,159,166
YPR035W,YPR035W_223,213,223
YPR035W,YPR035W_261,259,261
YPR036W,YPR036W_161,159,161
YPR036W,YPR036W_204,202,204
YPR036W,YPR036W_228,225,228
YPR036W,YPR036W_353,340,353
YPR041W,YPR041W_98,91,98
YPR041W,YPR041W_119,117,119
YPR041W,YPR041W_279,277,279
YPR041W,YPR041W_399,388,399
YPR063C,YPR063C_59,57,59
YPR069C,YPR069C_275,267,275
YPR069C,YPR069C_291,283,291
YPR073C,YPR073C_72,68,72
YPR073C,YPR073C_117,115,117
YPR074C,YPR074C_109,107,109
YPR074C,YPR074C_328,323,328
YPR074C,YPR074C_340,335,340
YPR074C,YPR074C_350,346,350
YPR074C,YPR074C_363,360,363
YPR074C,YPR074C_509,499,509
YPR074C,YPR074C_546,544,546
YPR074C,YPR074C_635,633,635
YPR102C,YPR102C_143,143,143
YPR103W,YPR103W_186,182,186
YPR110C,YPR110C_245,236,245
YPR132W,YPR132W_116,113,116
YPR132W,YPR132W_135,133,135
YPR133C,YPR133C_268,268,268
YPR145W,YPR145W_188,186,188
YPR145W,YPR145W_271,268,271
YPR145W,YPR145W_490,477,490
YPR163C,YPR163C_94,92,94
YPR163C,YPR163C_192,192,192
YPR163C,YPR163C_209,198,209
YPR163C,YPR163C_228,222,228
YPR163C,YPR163C_234,233,234
YPR165W,YPR165W_118,116,118
YPR165W,YPR165W_172,167,172
YPR170W-B,YPR170W-B_60,57,60
YPR181C,YPR181C_161,159,161
YPR181C,YPR181C_265,264,265
YPR182W,YPR182W_78,78,78
YPR183W,YPR183W_235,231,235
YPR187W,YPR187W_138,127,138