YAL003W,YAL003W_76,72,76
YAL003W,YAL003W_183,178,183
YAL005C,YAL005C_268,264,268
YAL005C,YAL005C_627,624,627
YAL007C,YAL007C_175,173,175
YAL012W,YAL012W_87,81,87
YAL012W,YAL012W_149,148,149
YAL012W,YAL012W_329,322,329
YAL012W,YAL012W_347,344,347
YAL013W,YAL013W_349,348,349
YAL014C,YAL014C_149,147,149
YAL016W,YAL016W_221,217,221
YAL017W,YAL017W_654,653,654
YAL019W,YAL019W_131,129,131
YAL021C,YAL021C_385,382,385
YAL021C,YAL021C_568,565,568
YAL023C,YAL023C_129,128,129
YAL023C,YAL023C_432,427,432
YAL023C,YAL023C_540,536,540
YAL025C,YAL025C_72,71,72
YAL029C,YAL029C_61,59,61
YAL035W,YAL035W_116,113,116
YAL035W,YAL035W_597,594,597
YAL035W,YAL035W_943,938,943
YAL038W,YAL038W_99,93,99
YAL038W,YAL038W_214,209,214
YAL038W,YAL038W_378,374,378
YAL038W,YAL038W_389,384,389
YAL038W,YAL038W_404,402,404
YAL039C,YAL039C_240,239,240
YAL044C,YAL044C_74,72,74
YAL044C,YAL044C_101,99,101
YAR002W,YAR002W_221,221,221
YAR002W,YAR002W_352,349,352
YAR002W,YAR002W_516,513,516
YAR007C,YAR007C_266,262,266
YAR015W,YAR015W_127,124,127
YAR015W,YAR015W_161,161,161
YAR015W,YAR015W_176,174,176
YAR018C,YAR018C_288,286,288
YAR042W,YAR042W_250,250,250
YBL002W,YBL002W_128,116,128
YBL003C,YBL003C_128,124,128
YBL007C,YBL007C_162,156,162
YBL007C,YBL007C_1059,1055,1059
YBL016W,YBL016W_267,264,267
YBL016W,YBL016W_328,320,328
YBL024W,YBL024W_670,669,670
YBL027W,YBL027W_109,107,109
YBL030C,YBL030C_103,95,103
YBL030C,YBL030C_141,138,141
YBL032W,YBL032W_194,193,194
YBL032W,YBL032W_251,248,251
YBL033C,YBL033C_320,320,320
YBL039C,YBL039C_375,374,375
YBL041W,YBL041W_146,143,146
YBL045C,YBL045C_294,290,294
YBL046W,YBL046W_368,366,368
YBL047C,YBL047C_90,88,90
YBL047C,YBL047C_109,108,109
YBL047C,YBL047C_215,210,215
YBL047C,YBL047C_371,366,371
YBL051C,YBL051C_556,553,556
YBL051C,YBL051C_593,591,593
YBL057C,YBL057C_127,122,127
YBL064C,YBL064C_93,85,93
YBL064C,YBL064C_230,230,230
YBL076C,YBL076C_184,183,184
YBL076C,YBL076C_325,323,325
YBL076C,YBL076C_408,407,408
YBL076C,YBL076C_450,449,450
YBL076C,YBL076C_770,768,770
YBL079W,YBL079W_472,467,472
YBL079W,YBL079W_753,749,753
YBL087C,YBL087C_114,112,114
YBL091C,YBL091C_396,390,396
YBL092W,YBL092W_91,88,91
YBL099W,YBL099W_329,325,329
YBL099W,YBL099W_411,410,411
YBL099W,YBL099W_450,447,450
YBL101C,YBL101C_570,566,570
YBL101C,YBL101C_763,759,763
YBL105C,YBL105C_1043,1039,1043
YBL105C,YBL105C_1125,1120,1125
YBR010W,YBR010W_111,108,111
YBR011C,YBR011C_263,249,263
YBR015C,YBR015C_276,270,276
YBR015C,YBR015C_326,324,326
YBR025C,YBR025C_87,83,87
YBR025C,YBR025C_99,98,99
YBR025C,YBR025C_297,294,297
YBR026C,YBR026C_89,86,89
YBR030W,YBR030W_486,486,486
YBR031W,YBR031W_131,128,131
YBR034C,YBR034C_156,156,156
YBR035C,YBR035C_193,192,193
YBR038W,YBR038W_72,70,72
YBR038W,YBR038W_88,83,88
YBR039W,YBR039W_174,172,174
YBR039W,YBR039W_206,202,206
YBR048W,YBR048W_112,108,112
YBR048W,YBR048W_142,140,142
YBR067C,YBR067C_112,107,112
YBR067C,YBR067C_139,137,139
YBR067C,YBR067C_150,147,150
YBR069C,YBR069C_127,123,127
YBR069C,YBR069C_364,355,364
YBR071W,YBR071W_125,122,125
YBR073W,YBR073W_639,637,639
YBR078W,YBR078W_133,130,133
YBR078W,YBR078W_209,207,209
YBR078W,YBR078W_409,409,409
YBR079C,YBR079C_454,451,454
YBR079C,YBR079C_853,851,853
YBR079C,YBR079C_937,928,937
YBR080C,YBR080C_656,656,656
YBR082C,YBR082C_69,60,69
YBR084C-A,YBR084C-A_91,88,91
YBR084W,YBR084W_136,132,136
YBR087W,YBR087W_184,183,184
YBR088C,YBR088C_139,133,139
YBR088C,YBR088C_233,229,233
YBR092C,YBR092C_169,169,169
YBR094W,YBR094W_592,588,592
YBR106W,YBR106W_142,140,142
YBR111C,YBR111C_130,126,130
YBR112C,YBR112C_144,144,144
YBR112C,YBR112C_666,664,666
YBR115C,YBR115C_328,325,328
YBR115C,YBR115C_526,522,526
YBR121C,YBR121C_139,136,139
YBR121C,YBR121C_250,248,250
YBR126C,YBR126C_365,361,365
YBR126C,YBR126C_493,488,493
YBR127C,YBR127C_264,258,264
YBR127C,YBR127C_374,372,374
YBR127C,YBR127C_412,411,412
YBR127C,YBR127C_512,509,512
YBR130C,YBR130C_396,396,396
YBR137W,YBR137W_144,141,144
YBR139W,YBR139W_132,128,132
YBR139W,YBR139W_146,146,146
YBR143C,YBR143C_72,69,72
YBR149W,YBR149W_145,145,145
YBR149W,YBR149W_244,243,244
YBR158W,YBR158W_326,323,326
YBR162C,YBR162C_169,165,169
YBR162C,YBR162C_207,196,207
YBR162C,YBR162C_270,270,270
YBR169C,YBR169C_288,282,288
YBR169C,YBR169C_517,517,517
YBR172C,YBR172C_635,633,635
YBR173C,YBR173C_97,95,97
YBR189W,YBR189W_55,54,55
YBR191W,YBR191W_137,136,137
YBR191W,YBR191W_150,148,150
YBR196C,YBR196C_174,168,174
YBR196C,YBR196C_188,185,188
YBR196C,YBR196C_221,220,221
YBR196C,YBR196C_317,314,317
YBR196C,YBR196C_396,393,396
YBR196C,YBR196C_537,535,537
YBR202W,YBR202W_828,822,828
YBR205W,YBR205W_334,330,334
YBR212W,YBR212W_641,639,641
YBR214W,YBR214W_460,455,460
YBR214W,YBR214W_466,462,466
YBR218C,YBR218C_273,266,273
YBR218C,YBR218C_337,336,337
YBR218C,YBR218C_365,364,365
YBR218C,YBR218C_411,405,411
YBR218C,YBR218C_564,558,564
YBR218C,YBR218C_595,595,595
YBR218C,YBR218C_1176,1172,1176
YBR221C,YBR221C_227,225,227
YBR221C,YBR221C_352,348,352
YBR222C,YBR222C_94,90,94
YBR234C,YBR234C_84,80,84
YBR238C,YBR238C_138,134,138
YBR248C,YBR248C_114,111,114
YBR249C,YBR249C_356,356,356
YBR251W,YBR251W_77,75,77
YBR261C,YBR261C_128,127,128
YBR263W,YBR263W_155,153,155
YBR263W,YBR263W_263,263,263
YBR265W,YBR265W_237,232,237
YBR282W,YBR282W_116,111,116
YBR283C,YBR283C_348,345,348
YBR286W,YBR286W_168,167,168
YBR286W,YBR286W_500,497,500
YCL001W,YCL001W_85,83,85
YCL005W-A,YCL005W-A_61,59,61
YCL009C,YCL009C_143,140,143
YCL009C,YCL009C_190,187,190
YCL009C,YCL009C_208,204,208
YCL009C,YCL009C_255,252,255
YCL009C,YCL009C_306,304,306
YCL011C,YCL011C_75,72,75
YCL017C,YCL017C_158,157,158
YCL024W,YCL024W_86,86,86
YCL028W,YCL028W_200,196,200
YCL030C,YCL030C_473,470,473
YCL030C,YCL030C_484,482,484
YCL030C,YCL030C_528,526,528
YCL033C,YCL033C_106,104,106
YCL037C,YCL037C_86,85,86
YCL037C,YCL037C_334,330,334
YCL037C,YCL037C_399,395,399
YCL040W,YCL040W_361,361,361
YCL040W,YCL040W_399,396,399
YCL043C,YCL043C_86,84,86
YCL043C,YCL043C_130,121,130
YCL043C,YCL043C_174,173,174
YCL044C,YCL044C_81,81,81
YCL050C,YCL050C_101,96,101
YCL050C,YCL050C_118,117,118
YCL054W,YCL054W_189,185,189
YCL064C,YCL064C_141,138,141
YCR002C,YCR002C_160,160,160
YCR004C,YCR004C_208,205,208
YCR012W,YCR012W_110,109,110
YCR012W,YCR012W_168,164,168
YCR012W,YCR012W_187,182,187
YCR012W,YCR012W_348,345,348
YCR012W,YCR012W_363,359,363
YCR028C-A,YCR028C-A_124,124,124
YCR031C,YCR031C_123,121,123
YCR033W,YCR033W_1181,1178,1181
YCR034W,YCR034W_72,71,72
YCR043C,YCR043C_99,96,99
YCR051W,YCR051W_83,83,83
YCR052W,YCR052W_330,328,330
YCR052W,YCR052W_350,345,350
YCR052W,YCR052W_380,375,380
YCR053W,YCR053W_95,93,95
YCR053W,YCR053W_325,325,325
YCR057C,YCR057C_444,444,444
YCR057C,YCR057C_728,725,728
YCR061W,YCR061W_70,69,70
YCR065W,YCR065W_418,415,418
YCR065W,YCR065W_503,500,503
YCR073W-A,YCR073W-A_236,233,236
YCR077C,YCR077C_415,407,415
YCR084C,YCR084C_204,200,204
YCR084C,YCR084C_258,251,258
YCR084C,YCR084C_312,309,312
YCR084C,YCR084C_401,399,401
YCR084C,YCR084C_437,436,437
YCR086W,YCR086W_166,161,166
YCR088W,YCR088W_160,158,160
YCR088W,YCR088W_168,166,168
YCR088W,YCR088W_186,183,186
YCR088W,YCR088W_365,360,365
YCR088W,YCR088W_517,516,517
YCR093W,YCR093W_1747,1743,1747
YDL014W,YDL014W_246,244,246
YDL019C,YDL019C_68,66,68
YDL022W,YDL022W_98,96,98
YDL022W,YDL022W_251,249,251
YDL029W,YDL029W_312,310,312
YDL040C,YDL040C_408,406,408
YDL040C,YDL040C_840,840,840
YDL042C,YDL042C_492,490,492
YDL052C,YDL052C_257,250,257
YDL053C,YDL053C_86,83,86
YDL055C,YDL055C_137,133,137
YDL055C,YDL055C_262,258,262
YDL055C,YDL055C_300,297,300
YDL058W,YDL058W_717,717,717
YDL064W,YDL064W_127,124,127
YDL066W,YDL066W_68,65,68
YDL066W,YDL066W_179,175,179
YDL066W,YDL066W_192,187,192
YDL070W,YDL070W_239,238,239
YDL075W,YDL075W_92,86,92
YDL078C,YDL078C_103,101,103
YDL078C,YDL078C_228,226,228
YDL082W,YDL082W_59,57,59
YDL082W,YDL082W_145,140,145
YDL084W,YDL084W_124,121,124
YDL084W,YDL084W_249,247,249
YDL086W,YDL086W_153,149,153
YDL088C,YDL088C_427,424,427
YDL095W,YDL095W_75,70,75
YDL095W,YDL095W_94,93,94
YDL097C,YDL097C_112,108,112
YDL100C,YDL100C_230,228,230
YDL103C,YDL103C_196,195,196
YDL112W,YDL112W_155,155,155
YDL124W,YDL124W_97,95,97
YDL124W,YDL124W_212,208,212
YDL126C,YDL126C_116,113,116
YDL126C,YDL126C_365,362,365
YDL126C,YDL126C_478,474,478
YDL126C,YDL126C_579,579,579
YDL126C,YDL126C_658,657,658
YDL127W,YDL127W_278,275,278
YDL128W,YDL128W_177,173,177
YDL130W,YDL130W_84,80,84
YDL131W,YDL131W_408,406,408
YDL134C,YDL134C_349,348,349
YDL140C,YDL140C_241,239,241
YDL140C,YDL140C_316,315,316
YDL140C,YDL140C_1098,1095,1098
YDL140C,YDL140C_1548,1542,1548
YDL140C,YDL140C_1571,1567,1571
YDL140C,YDL140C_1626,1614,1626
YDL140C,YDL140C_1662,1656,1662
YDL140C,YDL140C_1676,1674,1676
YDL140C,YDL140C_1689,1683,1689
YDL141W,YDL141W_498,493,498
YDL143W,YDL143W_391,390,391
YDL145C,YDL145C_109,100,109
YDL145C,YDL145C_176,174,176
YDL145C,YDL145C_916,909,916
YDL145C,YDL145C_960,955,960
YDL160C,YDL160C_132,129,132
YDL164C,YDL164C_111,108,111
YDL171C,YDL171C_576,572,576
YDL171C,YDL171C_1040,1039,1040
YDL171C,YDL171C_1054,1051,1054
YDL171C,YDL171C_1779,1776,1779
YDL171C,YDL171C_1878,1875,1878
YDL173W,YDL173W_149,148,149
YDL182W,YDL182W_416,411,416
YDL185W,YDL185W_83,81,83
YDL185W,YDL185W_374,371,374
YDL185W,YDL185W_402,398,402
YDL185W,YDL185W_636,633,636
YDL185W,YDL185W_692,688,692
YDL185W,YDL185W_858,855,858
YDL185W,YDL185W_869,865,869
YDL189W,YDL189W_321,321,321
YDL191W,YDL191W_118,115,118
YDL192W,YDL192W_139,136,139
YDL195W,YDL195W_808,803,808
YDL195W,YDL195W_855,850,855
YDL195W,YDL195W_972,964,972
YDL195W,YDL195W_1099,1094,1099
YDL198C,YDL198C_183,183,183
YDL198C,YDL198C_219,213,219
YDL201W,YDL201W_185,181,185
YDL205C,YDL205C_208,208,208
YDL227C,YDL227C_571,570,571
YDL236W,YDL236W_212,208,212
YDR012W,YDR012W_131,128,131
YDR025W,YDR025W_115,109,115
YDR025W,YDR025W_143,141,143
YDR028C,YDR028C_879,874,879
YDR032C,YDR032C_176,172,176
YDR033W,YDR033W_163,160,163
YDR033W,YDR033W_294,289,294
YDR035W,YDR035W_74,73,74
YDR037W,YDR037W_186,182,186
YDR037W,YDR037W_382,378,382
YDR037W,YDR037W_440,436,440
YDR044W,YDR044W_172,169,172
YDR050C,YDR050C_88,87,88
YDR054C,YDR054C_71,71,71
YDR054C,YDR054C_139,136,139
YDR055W,YDR055W_93,88,93
YDR059C,YDR059C_118,117,118
YDR060W,YDR060W_831,829,831
YDR062W,YDR062W_371,370,371
YDR064W,YDR064W_135,133,135
YDR064W,YDR064W_146,142,146
YDR074W,YDR074W_207,206,207
YDR077W,YDR077W_75,71,75
YDR077W,YDR077W_88,82,88
YDR077W,YDR077W_271,268,271
YDR091C,YDR091C_356,351,356
YDR091C,YDR091C_492,492,492
YDR092W,YDR092W_105,100,105
YDR098C,YDR098C_254,249,254
YDR099W,YDR099W_112,112,112
YDR099W,YDR099W_169,164,169
YDR101C,YDR101C_535,532,535
YDR103W,YDR103W_314,311,314
YDR103W,YDR103W_526,522,526
YDR117C,YDR117C_117,113,117
YDR120C,YDR120C_146,142,146
YDR127W,YDR127W_320,315,320
YDR127W,YDR127W_422,418,422
YDR127W,YDR127W_857,856,857
YDR129C,YDR129C_331,329,331
YDR143C,YDR143C_425,423,425
YDR144C,YDR144C_91,90,91
YDR145W,YDR145W_301,298,301
YDR146C,YDR146C_448,443,448
YDR148C,YDR148C_260,258,260
YDR148C,YDR148C_345,341,345
YDR155C,YDR155C_95,91,95
YDR155C,YDR155C_102,99,102
YDR155C,YDR155C_114,112,114
YDR155C,YDR155C_148,148,148
YDR158W,YDR158W_283,281,283
YDR162C,YDR162C_119,118,119
YDR165W,YDR165W_99,95,99
YDR165W,YDR165W_433,432,433
YDR169C,YDR169C_345,343,345
YDR170C,YDR170C_331,331,331
YDR170C,YDR170C_578,577,578
YDR171W,YDR171W_231,221,231
YDR172W,YDR172W_470,464,470
YDR172W,YDR172W_485,481,485
YDR172W,YDR172W_629,629,629
YDR174W,YDR174W_189,185,189
YDR174W,YDR174W_212,210,212
YDR177W,YDR177W_119,118,119
YDR178W,YDR178W_78,77,78
YDR178W,YDR178W_95,90,95
YDR186C,YDR186C_405,402,405
YDR188W,YDR188W_375,373,375
YDR188W,YDR188W_426,422,426
YDR189W,YDR189W_131,129,131
YDR189W,YDR189W_247,242,247
YDR190C,YDR190C_334,331,334
YDR195W,YDR195W_481,477,481
YDR208W,YDR208W_279,274,279
YDR214W,YDR214W_84,81,84
YDR214W,YDR214W_231,227,231
YDR225W,YDR225W_124,123,124
YDR226W,YDR226W_142,141,142
YDR226W,YDR226W_179,178,179
YDR228C,YDR228C_391,390,391
YDR232W,YDR232W_160,158,160
YDR232W,YDR232W_241,240,241
YDR233C,YDR233C_265,263,265
YDR234W,YDR234W_136,133,136
YDR238C,YDR238C_918,918,918
YDR246W,YDR246W_165,165,165
YDR251W,YDR251W_747,745,747
YDR266C,YDR266C_434,432,434
YDR266C,YDR266C_578,574,578
YDR272W,YDR272W_120,119,120
YDR293C,YDR293C_236,234,236
YDR293C,YDR293C_465,462,465
YDR293C,YDR293C_831,827,831
YDR293C,YDR293C_854,853,854
YDR296W,YDR296W_155,153,155
YDR300C,YDR300C_195,191,195
YDR300C,YDR300C_428,424,428
YDR304C,YDR304C_61,59,61
YDR309C,YDR309C_295,292,295
YDR309C,YDR309C_336,334,336
YDR309C,YDR309C_362,357,362
YDR309C,YDR309C_377,377,377
YDR321W,YDR321W_282,276,282
YDR328C,YDR328C_82,78,82
YDR330W,YDR330W_284,283,284
YDR341C,YDR341C_223,219,223
YDR341C,YDR341C_258,257,258
YDR341C,YDR341C_532,530,532
YDR345C,YDR345C_285,281,285
YDR353W,YDR353W_277,274,277
YDR354W,YDR354W_121,121,121
YDR359C,YDR359C_206,205,206
YDR381W,YDR381W_80,78,80
YDR381W,YDR381W_163,163,163
YDR382W,YDR382W_75,70,75
YDR388W,YDR388W_340,336,340
YDR388W,YDR388W_385,383,385
YDR388W,YDR388W_402,399,402
YDR390C,YDR390C_155,154,155
YDR394W,YDR394W_264,260,264
YDR394W,YDR394W_362,359,362
YDR395W,YDR395W_147,140,147
YDR397C,YDR397C_118,115,118
YDR399W,YDR399W_119,117,119
YDR408C,YDR408C_125,124,125
YDR418W,YDR418W_75,73,75
YDR418W,YDR418W_139,136,139
YDR422C,YDR422C_690,685,690
YDR429C,YDR429C_237,233,237
YDR430C,YDR430C_149,146,149
YDR432W,YDR432W_129,129,129
YDR432W,YDR432W_199,196,199
YDR432W,YDR432W_278,275,278
YDR450W,YDR450W_80,78,80
YDR454C,YDR454C_72,72,72
YDR457W,YDR457W_449,445,449
YDR457W,YDR457W_1035,1033,1035
YDR457W,YDR457W_2192,2192,2192
YDR462W,YDR462W_133,133,133
YDR463W,YDR463W_148,145,148
YDR463W,YDR463W_405,400,405
YDR471W,YDR471W_83,80,83
YDR472W,YDR472W_137,133,137
YDR477W,YDR477W_321,317,321
YDR477W,YDR477W_492,490,492
YDR480W,YDR480W_202,198,202
YDR481C,YDR481C_230,227,230
YDR485C,YDR485C_646,645,646
YDR487C,YDR487C_107,102,107
YDR487C,YDR487C_120,119,120
YDR490C,YDR490C_738,737,738
YDR492W,YDR492W_112,108,112
YDR502C,YDR502C_288,281,288
YDR507C,YDR507C_72,69,72
YDR507C,YDR507C_427,426,427
YDR508C,YDR508C_93,93,93
YDR508C,YDR508C_424,422,424
YDR510W,YDR510W_78,75,78
YDR513W,YDR513W_81,74,81
YDR516C,YDR516C_228,227,228
YDR517W,YDR517W_66,65,66
YDR527W,YDR527W_323,318,323
YDR539W,YDR539W_117,113,117
YEL007W,YEL007W_171,167,171
YEL007W,YEL007W_253,251,253
YEL007W,YEL007W_482,481,482
YEL022W,YEL022W_1029,1029,1029
YEL026W,YEL026W_112,101,112
YEL027W,YEL027W_106,103,106
YEL031W,YEL031W_151,149,151
YEL031W,YEL031W_358,355,358
YEL032W,YEL032W_270,263,270
YEL037C,YEL037C_94,89,94
YEL040W,YEL040W_242,242,242
YEL040W,YEL040W_303,302,303
YEL040W,YEL040W_368,364,368
YEL040W,YEL040W_416,416,416
YEL042W,YEL042W_241,237,241
YEL046C,YEL046C_142,140,142
YEL046C,YEL046C_221,218,221
YEL046C,YEL046C_288,287,288
YEL046C,YEL046C_371,367,371
YEL052W,YEL052W_358,353,358
YEL054C,YEL054C_76,72,76
YEL054C,YEL054C_139,138,139
YEL055C,YEL055C_178,178,178
YEL056W,YEL056W_250,250,250
YEL058W,YEL058W_86,82,86
YEL058W,YEL058W_150,147,150
YEL060C,YEL060C_463,460,463
YEL063C,YEL063C_114,113,114
YEL071W,YEL071W_300,293,300
YER001W,YER001W_539,539,539
YER003C,YER003C_98,92,98
YER003C,YER003C_190,188,190
YER007C-A,YER007C-A_113,111,113
YER011W,YER011W_122,120,122
YER011W,YER011W_140,136,140
YER019W,YER019W_179,179,179
YER019W,YER019W_431,430,431
YER021W,YER021W_396,391,396
YER023W,YER023W_194,188,194
YER023W,YER023W_275,274,275
YER025W,YER025W_183,179,183
YER025W,YER025W_212,211,212
YER025W,YER025W_304,303,304
YER025W,YER025W_392,392,392
YER025W,YER025W_418,416,418
YER029C,YER029C_186,185,186
YER036C,YER036C_395,390,395
YER036C,YER036C_524,522,524
YER036C,YER036C_552,550,552
YER040W,YER040W_434,432,434
YER043C,YER043C_89,87,89
YER052C,YER052C_103,98,103
YER052C,YER052C_337,335,337
YER055C,YER055C_192,187,192
YER055C,YER055C_285,282,285
YER056C,YER056C_311,308,311
YER056C-A,YER056C-A_67,60,67
YER059W,YER059W_162,160,162
YER061C,YER061C_292,288,292
YER062C,YER062C_148,148,148
YER063W,YER063W_116,114,116
YER064C,YER064C_131,129,131
YER068W,YER068W_524,524,524
YER070W,YER070W_111,109,111
YER070W,YER070W_297,296,297
YER070W,YER070W_373,371,373
YER070W,YER070W_845,844,845
YER072W,YER072W_83,77,83
YER073W,YER073W_156,155,156
YER073W,YER073W_226,222,226
YER073W,YER073W_449,449,449
YER074W,YER074W_70,64,70
YER074W,YER074W_123,119,123
YER080W,YER080W_107,104,107
YER086W,YER086W_63,58,63
YER086W,YER086W_155,153,155
YER086W,YER086W_400,399,400
YER088C,YER088C_183,180,183
YER089C,YER089C_463,458,463
YER090W,YER090W_84,82,84
YER090W,YER090W_208,205,208
YER090W,YER090W_279,278,279
YER091C,YER091C_383,379,383
YER091C,YER091C_573,573,573
YER091C,YER091C_631,626,631
YER094C,YER094C_156,153,156
YER094C,YER094C_175,174,175
YER100W,YER100W_97,96,97
YER105C,YER105C_487,480,487
YER107C,YER107C_161,157,161
YER110C,YER110C_81,77,81
YER110C,YER110C_353,345,353
YER110C,YER110C_888,883,888
YER112W,YER112W_138,135,138
YER114C,YER114C_524,521,524
YER118C,YER118C_56,54,56
YER120W,YER120W_90,88,90
YER120W,YER120W_164,161,164
YER124C,YER124C_155,148,155
YER126C,YER126C_187,186,187
YER131W,YER131W_99,97,99
YER134C,YER134C_101,96,101
YER136W,YER136W_438,436,438
YER141W,YER141W_126,124,126
YER148W,YER148W_56,52,56
YER151C,YER151C_340,340,340
YER151C,YER151C_403,397,403
YER152C,YER152C_308,303,308
YER154W,YER154W_73,69,73
YER154W,YER154W_144,144,144
YER155C,YER155C_498,497,498
YER155C,YER155C_918,916,918
YER164W,YER164W_444,435,444
YER164W,YER164W_1340,1340,1340
YER165W,YER165W_425,423,425
YER177W,YER177W_109,105,109
YER177W,YER177W_170,162,170
YER178W,YER178W_71,69,71
YER178W,YER178W_208,205,208
YER178W,YER178W_254,253,254
YER178W,YER178W_316,315,316
YER178W,YER178W_376,375,376
YFL004W,YFL004W_186,183,186
YFL004W,YFL004W_410,410,410
YFL004W,YFL004W_445,442,445
YFL005W,YFL005W_191,190,191
YFL009W,YFL009W_760,755,760
YFL010C,YFL010C_72,67,72
YFL018C,YFL018C_181,175,181
YFL022C,YFL022C_199,196,199
YFL022C,YFL022C_266,264,266
YFL022C,YFL022C_335,329,335
YFL023W,YFL023W_497,497,497
YFL026W,YFL026W_384,381,384
YFL037W,YFL037W_171,163,171
YFL038C,YFL038C_71,68,71
YFL038C,YFL038C_155,153,155
YFL038C,YFL038C_205,201,205
YFL039C,YFL039C_321,319,321
YFL039C,YFL039C_335,330,335
YFL039C,YFL039C_340,339,340
YFL045C,YFL045C_95,92,95
YFR009W,YFR009W_534,530,534
YFR021W,YFR021W_421,417,421
YFR024C-A,YFR024C-A_204,202,204
YFR028C,YFR028C_121,118,121
YFR031C-A,YFR031C-A_130,126,130
YFR037C,YFR037C_175,171,175
YFR044C,YFR044C_75,72,75
YFR044C,YFR044C_81,78,81
YFR044C,YFR044C_158,155,158
YFR051C,YFR051C_439,436,439
YFR051C,YFR051C_533,527,533
YFR052W,YFR052W_199,198,199
YFR053C,YFR053C_162,157,162
YFR055W,YFR055W_220,220,220
YGL008C,YGL008C_492,490,492
YGL008C,YGL008C_540,533,540
YGL008C,YGL008C_609,605,609
YGL008C,YGL008C_666,654,666
YGL008C,YGL008C_745,743,745
YGL008C,YGL008C_862,860,862
YGL009C,YGL009C_122,121,122
YGL009C,YGL009C_147,146,147
YGL009C,YGL009C_164,164,164
YGL009C,YGL009C_459,456,459
YGL009C,YGL009C_511,507,511
YGL011C,YGL011C_214,213,214
YGL014W,YGL014W_442,440,442
YGL014W,YGL014W_448,447,448
YGL014W,YGL014W_674,672,674
YGL014W,YGL014W_789,783,789
YGL026C,YGL026C_85,81,85
YGL026C,YGL026C_155,154,155
YGL026C,YGL026C_488,483,488
YGL028C,YGL028C_83,81,83
YGL028C,YGL028C_161,156,161
YGL030W,YGL030W_50,46,50
YGL030W,YGL030W_81,77,81
YGL031C,YGL031C_79,76,79
YGL031C,YGL031C_154,150,154
YGL035C,YGL035C_501,496,501
YGL037C,YGL037C_173,171,173
YGL038C,YGL038C_91,91,91
YGL039W,YGL039W_211,210,211
YGL040C,YGL040C_238,237,238
YGL043W,YGL043W_240,237,240
YGL048C,YGL048C_232,227,232
YGL048C,YGL048C_242,241,242
YGL056C,YGL056C_458,456,458
YGL058W,YGL058W_119,117,119
YGL062W,YGL062W_266,264,266
YGL062W,YGL062W_417,413,417
YGL065C,YGL065C_468,465,468
YGL066W,YGL066W_482,482,482
YGL067W,YGL067W_295,291,295
YGL068W,YGL068W_91,91,91
YGL076C,YGL076C_97,95,97
YGL076C,YGL076C_137,136,137
YGL078C,YGL078C_194,191,194
YGL092W,YGL092W_365,361,365
YGL092W,YGL092W_390,386,390
YGL099W,YGL099W_331,327,331
YGL099W,YGL099W_501,500,501
YGL105W,YGL105W_137,136,137
YGL105W,YGL105W_226,224,226
YGL105W,YGL105W_373,372,373
YGL106W,YGL106W_41,38,41
YGL120C,YGL120C_150,147,150
YGL120C,YGL120C_488,484,488
YGL120C,YGL120C_619,613,619
YGL120C,YGL120C_724,722,724
YGL123W,YGL123W_169,163,169
YGL123W,YGL123W_215,212,215
YGL123W,YGL123W_236,232,236
YGL130W,YGL130W_237,237,237
YGL133W,YGL133W_143,142,143
YGL137W,YGL137W_102,101,102
YGL137W,YGL137W_159,159,159
YGL137W,YGL137W_196,194,196
YGL137W,YGL137W_447,443,447
YGL137W,YGL137W_772,768,772
YGL147C,YGL147C_71,64,71
YGL148W,YGL148W_78,76,78
YGL148W,YGL148W_106,101,106
YGL148W,YGL148W_344,341,344
YGL157W,YGL157W_85,83,85
YGL167C,YGL167C_561,558,561
YGL173C,YGL173C_889,887,889
YGL173C,YGL173C_1085,1081,1085
YGL173C,YGL173C_1374,1373,1374
YGL173C,YGL173C_1447,1444,1447
YGL178W,YGL178W_103,96,103
YGL187C,YGL187C_136,130,136
YGL189C,YGL189C_99,97,99
YGL189C,YGL189C_111,110,111
YGL191W,YGL191W_94,93,94
YGL195W,YGL195W_846,839,846
YGL195W,YGL195W_2245,2239,2245
YGL195W,YGL195W_2331,2328,2331
YGL202W,YGL202W_181,179,181
YGL202W,YGL202W_286,282,286
YGL202W,YGL202W_308,305,308
YGL202W,YGL202W_368,363,368
YGL206C,YGL206C_411,410,411
YGL206C,YGL206C_585,579,585
YGL207W,YGL207W_338,332,338
YGL207W,YGL207W_463,460,463
YGL207W,YGL207W_705,705,705
YGL210W,YGL210W_123,121,123
YGL213C,YGL213C_277,272,277
YGL222C,YGL222C_86,83,86
YGL231C,YGL231C_110,107,110
YGL234W,YGL234W_103,99,103
YGL234W,YGL234W_217,215,217
YGL234W,YGL234W_534,532,534
YGL234W,YGL234W_719,711,719
YGL234W,YGL234W_732,727,732
YGL238W,YGL238W_720,717,720
YGL245W,YGL245W_163,159,163
YGL245W,YGL245W_370,368,370
YGL245W,YGL245W_399,394,399
YGL245W,YGL245W_512,512,512
YGL253W,YGL253W_233,231,233
YGL253W,YGL253W_262,260,262
YGL253W,YGL253W_449,444,449
YGL253W,YGL253W_466,464,466
YGR002C,YGR002C_357,353,357
YGR012W,YGR012W_296,292,296
YGR014W,YGR014W_118,114,118
YGR014W,YGR014W_133,126,133
YGR017W,YGR017W_224,221,224
YGR019W,YGR019W_101,96,101
YGR019W,YGR019W_259,258,259
YGR020C,YGR020C_101,99,101
YGR033C,YGR033C_70,70,70
YGR034W,YGR034W_104,101,104
YGR036C,YGR036C_213,213,213
YGR049W,YGR049W_91,86,91
YGR054W,YGR054W_173,167,173
YGR054W,YGR054W_189,188,189
YGR054W,YGR054W_293,290,293
YGR054W,YGR054W_345,339,345
YGR054W,YGR054W_453,453,453
YGR054W,YGR054W_578,577,578
YGR058W,YGR058W_133,129,133
YGR061C,YGR061C_715,714,715
YGR061C,YGR061C_750,748,750
YGR063C,YGR063C_99,95,99
YGR068C,YGR068C_240,238,240
YGR078C,YGR078C_137,134,137
YGR079W,YGR079W_285,281,285
YGR080W,YGR080W_221,221,221
YGR082W,YGR082W_82,80,82
YGR083C,YGR083C_183,181,183
YGR083C,YGR083C_196,194,196
YGR083C,YGR083C_360,355,360
YGR084C,YGR084C_94,93,94
YGR085C,YGR085C_170,164,170
YGR086C,YGR086C_239,236,239
YGR090W,YGR090W_633,631,633
YGR094W,YGR094W_197,193,197
YGR094W,YGR094W_292,289,292
YGR094W,YGR094W_350,349,350
YGR094W,YGR094W_439,437,439
YGR094W,YGR094W_614,611,614
YGR106C,YGR106C_124,123,124
YGR116W,YGR116W_534,532,534
YGR116W,YGR116W_820,816,820
YGR119C,YGR119C_347,344,347
YGR124W,YGR124W_179,174,179
YGR124W,YGR124W_205,203,205
YGR124W,YGR124W_485,484,485
YGR128C,YGR128C_704,702,704
YGR130C,YGR130C_194,193,194
YGR135W,YGR135W_217,213,217
YGR136W,YGR136W_138,132,138
YGR148C,YGR148C_87,84,87
YGR148C,YGR148C_131,130,131
YGR148C,YGR148C_154,150,154
YGR155W,YGR155W_128,127,128
YGR155W,YGR155W_287,281,287
YGR159C,YGR159C_352,350,352
YGR162W,YGR162W_188,183,188
YGR162W,YGR162W_262,259,262
YGR162W,YGR162W_368,366,368
YGR167W,YGR167W_106,104,106
YGR175C,YGR175C_107,103,107
YGR175C,YGR175C_211,207,211
YGR175C,YGR175C_334,333,334
YGR175C,YGR175C_350,348,350
YGR178C,YGR178C_355,352,355
YGR178C,YGR178C_511,507,511
YGR178C,YGR178C_613,610,613
YGR180C,YGR180C_308,306,308
YGR180C,YGR180C_333,332,333
YGR184C,YGR184C_300,297,300
YGR185C,YGR185C_320,316,320
YGR185C,YGR185C_332,331,332
YGR186W,YGR186W_232,227,232
YGR189C,YGR189C_334,328,334
YGR191W,YGR191W_304,303,304
YGR191W,YGR191W_360,358,360
YGR192C,YGR192C_93,85,93
YGR192C,YGR192C_209,204,209
YGR192C,YGR192C_237,235,237
YGR192C,YGR192C_294,291,294
YGR193C,YGR193C_272,271,272
YGR200C,YGR200C_119,115,119
YGR200C,YGR200C_300,299,300
YGR200C,YGR200C_495,493,495
YGR204W,YGR204W_164,160,164
YGR204W,YGR204W_240,239,240
YGR204W,YGR204W_308,307,308
YGR204W,YGR204W_414,412,414
YGR204W,YGR204W_463,461,463
YGR204W,YGR204W_558,550,558
YGR204W,YGR204W_642,638,642
YGR204W,YGR204W_704,700,704
YGR204W,YGR204W_764,761,764
YGR207C,YGR207C_73,70,73
YGR211W,YGR211W_461,454,461
YGR214W,YGR214W_128,125,128
YGR214W,YGR214W_144,138,144
YGR214W,YGR214W_159,154,159
YGR218W,YGR218W_293,291,293
YGR218W,YGR218W_878,878,878
YGR229C,YGR229C_378,375,378
YGR231C,YGR231C_146,143,146
YGR234W,YGR234W_134,131,134
YGR234W,YGR234W_216,214,216
YGR234W,YGR234W_358,354,358
YGR235C,YGR235C_117,116,117
YGR240C,YGR240C_181,178,181
YGR240C,YGR240C_344,339,344
YGR240C,YGR240C_387,383,387
YGR240C,YGR240C_607,602,607
YGR240C,YGR240C_859,856,859
YGR240C,YGR240C_927,924,927
YGR240C,YGR240C_936,932,936
YGR244C,YGR244C_361,360,361
YGR244C,YGR244C_369,367,369
YGR244C,YGR244C_380,378,380
YGR253C,YGR253C_142,139,142
YGR254W,YGR254W_126,121,126
YGR254W,YGR254W_237,237,237
YGR254W,YGR254W_324,324,324
YGR264C,YGR264C_291,288,291
YGR264C,YGR264C_458,457,458
YGR264C,YGR264C_666,664,666
YGR266W,YGR266W_548,546,548
YGR270W,YGR270W_528,522,528
YGR276C,YGR276C_150,146,150
YGR277C,YGR277C_297,292,297
YGR279C,YGR279C_86,65,86
YGR279C,YGR279C_95,92,95
YGR279C,YGR279C_115,111,115
YGR282C,YGR282C_63,62,63
YGR282C,YGR282C_75,74,75
YGR282C,YGR282C_196,192,196
YGR284C,YGR284C_127,121,127
YGR285C,YGR285C_155,150,155
YGR285C,YGR285C_168,161,168
YGR285C,YGR285C_173,171,173
YGR285C,YGR285C_188,187,188
YGR285C,YGR285C_282,281,282
YHL001W,YHL001W_88,85,88
YHL004W,YHL004W_178,175,178
YHL013C,YHL013C_261,260,261
YHL015W,YHL015W_113,111,113
YHL027W,YHL027W_120,115,120
YHL030W,YHL030W_528,522,528
YHL031C,YHL031C_79,76,79
YHL033C,YHL033C_115,112,115
YHL033C,YHL033C_197,193,197
YHL034C,YHL034C_150,147,150
YHL034C,YHL034C_164,161,164
YHR003C,YHR003C_168,166,168
YHR005C,YHR005C_446,444,446
YHR007C,YHR007C_322,320,322
YHR007C,YHR007C_515,513,515
YHR008C,YHR008C_81,80,81
YHR008C,YHR008C_129,126,129
YHR009C,YHR009C_518,517,518
YHR010W,YHR010W_65,63,65
YHR013C,YHR013C_106,102,106
YHR013C,YHR013C_205,204,205
YHR016C,YHR016C_208,202,208
YHR018C,YHR018C_445,444,445
YHR019C,YHR019C_201,198,201
YHR019C,YHR019C_217,215,217
YHR019C,YHR019C_303,302,303
YHR019C,YHR019C_380,377,380
YHR019C,YHR019C_465,461,465
YHR020W,YHR020W_83,83,83
YHR020W,YHR020W_349,347,349
YHR020W,YHR020W_574,569,574
YHR025W,YHR025W_97,93,97
YHR025W,YHR025W_102,99,102
YHR025W,YHR025W_198,196,198
YHR025W,YHR025W_262,258,262
YHR025W,YHR025W_288,285,288
YHR027C,YHR027C_91,84,91
YHR027C,YHR027C_256,251,256
YHR031C,YHR031C_634,630,634
YHR037W,YHR037W_85,85,85
YHR039C,YHR039C_81,80,81
YHR041C,YHR041C_93,89,93
YHR042W,YHR042W_330,327,330
YHR042W,YHR042W_343,336,343
YHR042W,YHR042W_381,375,381
YHR042W,YHR042W_439,435,439
YHR042W,YHR042W_505,499,505
YHR042W,YHR042W_534,530,534
YHR051W,YHR051W_86,82,86
YHR052W,YHR052W_292,286,292
YHR057C,YHR057C_127,127,127
YHR062C,YHR062C_140,134,140
YHR062C,YHR062C_233,231,233
YHR063C,YHR063C_76,75,76
YHR064C,YHR064C_159,155,159
YHR064C,YHR064C_186,183,186
YHR064C,YHR064C_312,306,312
YHR068W,YHR068W_291,288,291
YHR070W,YHR070W_116,114,116
YHR070W,YHR070W_439,438,439
YHR072W,YHR072W_214,214,214
YHR074W,YHR074W_187,182,187
YHR082C,YHR082C_971,970,971
YHR083W,YHR083W_128,124,128
YHR094C,YHR094C_103,102,103
YHR094C,YHR094C_395,393,395
YHR098C,YHR098C_810,806,810
YHR098C,YHR098C_821,819,821
YHR098C,YHR098C_913,913,913
YHR102W,YHR102W_762,759,762
YHR103W,YHR103W_499,499,499
YHR104W,YHR104W_221,219,221
YHR107C,YHR107C_303,298,303
YHR108W,YHR108W_119,117,119
YHR108W,YHR108W_572,567,572
YHR111W,YHR111W_218,215,218
YHR113W,YHR113W_104,100,104
YHR115C,YHR115C_93,87,93
YHR123W,YHR123W_80,76,80
YHR128W,YHR128W_140,138,140
YHR136C,YHR136C_122,119,122
YHR137W,YHR137W_169,167,169
YHR137W,YHR137W_252,250,252
YHR143W,YHR143W_145,138,145
YHR143W,YHR143W_170,166,170
YHR146W,YHR146W_100,100,100
YHR154W,YHR154W_174,170,174
YHR158C,YHR158C_477,477,477
YHR162W,YHR162W_57,56,57
YHR162W,YHR162W_118,114,118
YHR165C,YHR165C_424,421,424
YHR169W,YHR169W_82,78,82
YHR170W,YHR170W_146,143,146
YHR170W,YHR170W_516,512,516
YHR174W,YHR174W_74,73,74
YHR174W,YHR174W_126,122,126
YHR174W,YHR174W_332,326,332
YHR179W,YHR179W_139,136,139
YHR179W,YHR179W_222,220,222
YHR179W,YHR179W_289,288,289
YHR183W,YHR183W_128,124,128
YHR183W,YHR183W_354,354,354
YHR188C,YHR188C_308,306,308
YHR188C,YHR188C_375,371,375
YHR193C,YHR193C_99,95,99
YHR200W,YHR200W_175,172,175
YHR205W,YHR205W_349,349,349
YHR205W,YHR205W_723,720,723
YHR206W,YHR206W_546,546,546
YHR208W,YHR208W_107,104,107
YHR208W,YHR208W_119,118,119
YHR208W,YHR208W_230,227,230
YHR216W,YHR216W_190,186,190
YIL016W,YIL016W_67,65,67
YIL018W,YIL018W_86,80,86
YIL018W,YIL018W_126,126,126
YIL018W,YIL018W_228,227,228
YIL021W,YIL021W_295,294,295
YIL022W,YIL022W_326,326,326
YIL022W,YIL022W_408,405,408
YIL033C,YIL033C_136,131,136
YIL036W,YIL036W_218,218,218
YIL038C,YIL038C_439,435,439
YIL041W,YIL041W_129,124,129
YIL043C,YIL043C_171,170,171
YIL044C,YIL044C_139,139,139
YIL051C,YIL051C_115,114,115
YIL052C,YIL052C_67,64,67
YIL053W,YIL053W_148,146,148
YIL053W,YIL053W_192,186,192
YIL062C,YIL062C_82,81,82
YIL069C,YIL069C_69,64,69
YIL074C,YIL074C_101,100,101
YIL075C,YIL075C_931,928,931
YIL076W,YIL076W_124,124,124
YIL078W,YIL078W_202,200,202
YIL078W,YIL078W_520,518,520
YIL083C,YIL083C_261,258,261
YIL088C,YIL088C_82,79,82
YIL094C,YIL094C_318,316,318
YIL096C,YIL096C_241,236,241
YIL108W,YIL108W_90,89,90
YIL108W,YIL108W_226,222,226
YIL108W,YIL108W_581,581,581
YIL109C,YIL109C_217,217,217
YIL109C,YIL109C_306,301,306
YIL109C,YIL109C_428,423,428
YIL109C,YIL109C_735,731,735
YIL114C,YIL114C_281,276,281
YIL115C,YIL115C_546,544,546
YIL116W,YIL116W_268,260,268
YIL123W,YIL123W_56,52,56
YIL123W,YIL123W_86,77,86
YIL123W,YIL123W_126,122,126
YIL124W,YIL124W_163,162,163
YIL125W,YIL125W_586,581,586
YIL126W,YIL126W_525,519,525
YIL130W,YIL130W_430,430,430
YIL131C,YIL131C_445,443,445
YIL133C,YIL133C_75,71,75
YIL133C,YIL133C_184,182,184
YIL135C,YIL135C_251,249,251
YIL137C,YIL137C_308,305,308
YIL143C,YIL143C_443,437,443
YIL145C,YIL145C_64,63,64
YIL148W,YIL148W_106,103,106
YIL154C,YIL154C_312,306,312
YIL157C,YIL157C_103,96,103
YIR006C,YIR006C_677,675,677
YIR006C,YIR006C_988,988,988
YIR006C,YIR006C_1308,1306,1308
YIR006C,YIR006C_1364,1359,1364
YIR006C,YIR006C_1405,1401,1405
YIR034C,YIR034C_236,233,236
YIR036C,YIR036C_226,223,226
YIR037W,YIR037W_67,62,67
YJL001W,YJL001W_96,90,96
YJL008C,YJL008C_70,66,70
YJL008C,YJL008C_456,456,456
YJL010C,YJL010C_154,151,154
YJL012C,YJL012C_547,545,547
YJL012C,YJL012C_672,666,672
YJL014W,YJL014W_471,468,471
YJL020C,YJL020C_135,131,135
YJL020C,YJL020C_208,206,208
YJL020C,YJL020C_716,713,716
YJL020C,YJL020C_824,824,824
YJL026W,YJL026W_206,204,206
YJL026W,YJL026W_248,245,248
YJL026W,YJL026W_358,358,358
YJL034W,YJL034W_111,107,111
YJL034W,YJL034W_203,201,203
YJL034W,YJL034W_322,321,322
YJL042W,YJL042W_403,403,403
YJL042W,YJL042W_637,633,637
YJL052W,YJL052W_293,291,293
YJL053W,YJL053W_190,190,190
YJL061W,YJL061W_291,288,291
YJL062W-A,YJL062W-A_66,62,66
YJL068C,YJL068C_117,116,117
YJL068C,YJL068C_190,188,190
YJL069C,YJL069C_501,501,501
YJL076W,YJL076W_253,247,253
YJL076W,YJL076W_678,673,678
YJL078C,YJL078C_145,142,145
YJL078C,YJL078C_167,166,167
YJL078C,YJL078C_220,219,220
YJL079C,YJL079C_74,70,74
YJL079C,YJL079C_127,125,127
YJL079C,YJL079C_140,139,140
YJL080C,YJL080C_357,354,357
YJL080C,YJL080C_369,368,369
YJL080C,YJL080C_383,381,383
YJL080C,YJL080C_479,475,479
YJL080C,YJL080C_658,652,658
YJL080C,YJL080C_960,958,960
YJL098W,YJL098W_244,242,244
YJL109C,YJL109C_1732,1728,1732
YJL111W,YJL111W_77,77,77
YJL111W,YJL111W_90,89,90
YJL121C,YJL121C_179,176,179
YJL122W,YJL122W_165,164,165
YJL128C,YJL128C_195,195,195
YJL128C,YJL128C_236,235,236
YJL130C,YJL130C_291,290,291
YJL130C,YJL130C_314,311,314
YJL130C,YJL130C_386,385,386
YJL130C,YJL130C_958,955,958
YJL130C,YJL130C_1525,1523,1525
YJL130C,YJL130C_1720,1718,1720
YJL130C,YJL130C_1899,1894,1899
YJL130C,YJL130C_1963,1960,1963
YJL143W,YJL143W_118,117,118
YJL143W,YJL143W_155,144,155
YJL145W,YJL145W_113,113,113
YJL157C,YJL157C_572,568,572
YJL157C,YJL157C_590,589,590
YJL157C,YJL157C_607,603,607
YJL157C,YJL157C_746,746,746
YJL157C,YJL157C_803,802,803
YJL157C,YJL157C_827,823,827
YJL158C,YJL158C_82,81,82
YJL158C,YJL158C_103,89,103
YJL158C,YJL158C_171,168,171
YJL159W,YJL159W_88,83,88
YJL159W,YJL159W_98,94,98
YJL159W,YJL159W_139,130,139
YJL159W,YJL159W_227,222,227
YJL159W,YJL159W_243,241,243
YJL159W,YJL159W_304,303,304
YJL165C,YJL165C_597,594,597
YJL167W,YJL167W_159,158,159
YJL167W,YJL167W_247,244,247
YJL171C,YJL171C_138,135,138
YJL176C,YJL176C_411,407,411
YJL177W,YJL177W_99,98,99
YJL177W,YJL177W_161,161,161
YJL183W,YJL183W_65,63,65
YJL190C,YJL190C_78,74,78
YJL191W,YJL191W_125,119,125
YJL196C,YJL196C_66,59,66
YJL198W,YJL198W_100,96,100
YJL200C,YJL200C_415,409,415
YJR001W,YJR001W_168,164,168
YJR002W,YJR002W_91,86,91
YJR007W,YJR007W_228,226,228
YJR007W,YJR007W_272,269,272
YJR009C,YJR009C_179,178,179
YJR009C,YJR009C_294,292,294
YJR015W,YJR015W_262,262,262
YJR016C,YJR016C_102,100,102
YJR016C,YJR016C_245,243,245
YJR016C,YJR016C_298,295,298
YJR016C,YJR016C_397,394,397
YJR016C,YJR016C_477,476,477
YJR016C,YJR016C_514,513,514
YJR017C,YJR017C_111,108,111
YJR019C,YJR019C_266,257,266
YJR032W,YJR032W_202,202,202
YJR045C,YJR045C_94,90,94
YJR045C,YJR045C_304,301,304
YJR045C,YJR045C_332,331,332
YJR045C,YJR045C_451,449,451
YJR059W,YJR059W_734,734,734
YJR064W,YJR064W_452,450,452
YJR065C,YJR065C_328,325,328
YJR065C,YJR065C_411,410,411
YJR068W,YJR068W_183,179,183
YJR070C,YJR070C_178,178,178
YJR070C,YJR070C_190,189,190
YJR070C,YJR070C_254,250,254
YJR072C,YJR072C_131,128,131
YJR072C,YJR072C_157,155,157
YJR076C,YJR076C_110,108,110
YJR077C,YJR077C_112,107,112
YJR083C,YJR083C_188,188,188
YJR091C,YJR091C_131,128,131
YJR091C,YJR091C_527,527,527
YJR092W,YJR092W_741,739,741
YJR094W-A,YJR094W-A_80,74,80
YJR104C,YJR104C_63,61,63
YJR105W,YJR105W_170,168,170
YJR105W,YJR105W_198,195,198
YJR105W,YJR105W_229,227,229
YJR105W,YJR105W_332,326,332
YJR109C,YJR109C_733,731,733
YJR121W,YJR121W_93,92,93
YJR121W,YJR121W_107,98,107
YJR121W,YJR121W_114,111,114
YJR121W,YJR121W_151,150,151
YJR121W,YJR121W_189,189,189
YJR121W,YJR121W_357,355,357
YJR123W,YJR123W_155,155,155
YJR125C,YJR125C_280,276,280
YJR132W,YJR132W_108,107,108
YJR139C,YJR139C_242,239,242
YJR143C,YJR143C_424,422,424
YJR145C,YJR145C_82,80,82
YJR148W,YJR148W_214,208,214
YKL003C,YKL003C_94,87,94
YKL006W,YKL006W_90,85,90
YKL007W,YKL007W_135,133,135
YKL008C,YKL008C_65,64,65
YKL013C,YKL013C_53,46,53
YKL029C,YKL029C_71,69,71
YKL029C,YKL029C_84,77,84
YKL029C,YKL029C_100,97,100
YKL029C,YKL029C_275,273,275
YKL029C,YKL029C_438,433,438
YKL029C,YKL029C_557,556,557
YKL032C,YKL032C_285,283,285
YKL032C,YKL032C_436,433,436
YKL033W-A,YKL033W-A_201,200,201
YKL035W,YKL035W_203,198,203
YKL035W,YKL035W_250,246,250
YKL035W,YKL035W_265,263,265
YKL042W,YKL042W_326,323,326
YKL043W,YKL043W_301,299,301
YKL043W,YKL043W_311,307,311
YKL054C,YKL054C_587,583,587
YKL054C,YKL054C_680,676,680
YKL054C,YKL054C_715,713,715
YKL056C,YKL056C_72,68,72
YKL057C,YKL057C_322,322,322
YKL060C,YKL060C_101,91,101
YKL060C,YKL060C_220,211,220
YKL067W,YKL067W_113,110,113
YKL068W,YKL068W_650,649,650
YKL077W,YKL077W_149,146,149
YKL080W,YKL080W_180,180,180
YKL080W,YKL080W_336,332,336
YKL081W,YKL081W_138,135,138
YKL081W,YKL081W_161,159,161
YKL081W,YKL081W_193,191,193
YKL081W,YKL081W_215,213,215
YKL081W,YKL081W_362,359,362
YKL085W,YKL085W_95,94,95
YKL085W,YKL085W_106,102,106
YKL096W,YKL096W_163,156,163
YKL096W,YKL096W_190,188,190
YKL096W-A,YKL096W-A_45,40,45
YKL101W,YKL101W_700,697,700
YKL103C,YKL103C_208,200,208
YKL104C,YKL104C_458,458,458
YKL104C,YKL104C_613,611,613
YKL117W,YKL117W_103,102,103
YKL120W,YKL120W_242,238,242
YKL127W,YKL127W_469,466,469
YKL135C,YKL135C_306,304,306
YKL142W,YKL142W_208,206,208
YKL148C,YKL148C_85,84,85
YKL150W,YKL150W_263,263,263
YKL152C,YKL152C_126,118,126
YKL152C,YKL152C_232,231,232
YKL157W,YKL157W_224,222,224
YKL157W,YKL157W_329,325,329
YKL157W,YKL157W_414,411,414
YKL164C,YKL164C_81,77,81
YKL164C,YKL164C_117,114,117
YKL164C,YKL164C_129,126,129
YKL164C,YKL164C_163,160,163
YKL166C,YKL166C_302,300,302
YKL180W,YKL180W_102,98,102
YKL180W,YKL180W_162,161,162
YKL181W,YKL181W_151,149,151
YKL181W,YKL181W_285,281,285
YKL182W,YKL182W_57,53,57
YKL182W,YKL182W_320,316,320
YKL182W,YKL182W_401,396,401
YKL182W,YKL182W_535,529,535
YKL182W,YKL182W_915,912,915
YKL182W,YKL182W_1060,1057,1060
YKL182W,YKL182W_1517,1515,1517
YKL182W,YKL182W_1660,1660,1660
YKL182W,YKL182W_1956,1952,1956
YKL182W,YKL182W_1977,1975,1977
YKL184W,YKL184W_206,205,206
YKL184W,YKL184W_391,386,391
YKL185W,YKL185W_426,425,426
YKL185W,YKL185W_469,463,469
YKL185W,YKL185W_510,507,510
YKL186C,YKL186C_152,150,152
YKL191W,YKL191W_253,253,253
YKL191W,YKL191W_309,308,309
YKL192C,YKL192C_86,82,86
YKL193C,YKL193C_264,262,264
YKL204W,YKL204W_454,452,454
YKL204W,YKL204W_482,479,482
YKL204W,YKL204W_537,534,537
YKL205W,YKL205W_1043,1040,1043
YKL210W,YKL210W_261,258,261
YKL210W,YKL210W_603,594,603
YKL210W,YKL210W_615,609,615
YKL211C,YKL211C_123,118,123
YKL212W,YKL212W_199,190,199
YKL214C,YKL214C_76,73,76
YKL216W,YKL216W_168,166,168
YKL216W,YKL216W_232,228,232
YKR001C,YKR001C_604,601,604
YKR013W,YKR013W_69,64,69
YKR013W,YKR013W_174,172,174
YKR018C,YKR018C_721,717,721
YKR024C,YKR024C_531,530,531
YKR025W,YKR025W_226,225,226
YKR026C,YKR026C_251,248,251
YKR028W,YKR028W_256,254,256
YKR038C,YKR038C_205,203,205
YKR042W,YKR042W_88,69,88
YKR043C,YKR043C_154,149,154
YKR045C,YKR045C_172,170,172
YKR048C,YKR048C_321,315,321
YKR062W,YKR062W_185,183,185
YKR065C,YKR065C_120,116,120
YKR066C,YKR066C_72,67,72
YKR066C,YKR066C_124,120,124
YKR066C,YKR066C_166,162,166
YKR066C,YKR066C_347,345,347
YKR072C,YKR072C_242,239,242
YKR072C,YKR072C_274,271,274
YKR080W,YKR080W_259,257,259
YKR084C,YKR084C_516,515,516
YKR093W,YKR093W_99,95,99
YKR093W,YKR093W_177,174,177
YKR094C,YKR094C_106,102,106
YLL011W,YLL011W_253,252,253
YLL013C,YLL013C_396,390,396
YLL018C,YLL018C_210,208,210
YLL018C,YLL018C_332,329,332
YLL018C,YLL018C_452,445,452
YLL021W,YLL021W_218,214,218
YLL021W,YLL021W_225,223,225
YLL022C,YLL022C_92,91,92
YLL024C,YLL024C_65,62,65
YLL024C,YLL024C_618,613,618
YLL026W,YLL026W_441,436,441
YLL026W,YLL026W_507,502,507
YLL026W,YLL026W_668,664,668
YLL040C,YLL040C_1365,1364,1365
YLL040C,YLL040C_2557,2555,2557
YLL045C,YLL045C_113,111,113
YLL045C,YLL045C_197,195,197
YLL045C,YLL045C_234,234,234
YLL048C,YLL048C_975,973,975
YLL050C,YLL050C_88,87,88
YLL058W,YLL058W_260,260,260
YLR002C,YLR002C_240,239,240
YLR017W,YLR017W_213,211,213
YLR023C,YLR023C_147,144,147
YLR027C,YLR027C_84,81,84
YLR027C,YLR027C_186,184,186
YLR027C,YLR027C_249,248,249
YLR027C,YLR027C_281,279,281
YLR027C,YLR027C_300,297,300
YLR028C,YLR028C_214,211,214
YLR028C,YLR028C_250,248,250
YLR028C,YLR028C_540,540,540
YLR029C,YLR029C_113,111,113
YLR033W,YLR033W_259,255,259
YLR040C,YLR040C_132,125,132
YLR043C,YLR043C_90,89,90
YLR044C,YLR044C_148,141,148
YLR044C,YLR044C_268,265,268
YLR044C,YLR044C_361,348,361
YLR044C,YLR044C_400,399,400
YLR044C,YLR044C_425,423,425
YLR044C,YLR044C_512,510,512
YLR048W,YLR048W_129,126,129
YLR048W,YLR048W_156,148,156
YLR056W,YLR056W_81,81,81
YLR058C,YLR058C_226,221,226
YLR058C,YLR058C_232,230,232
YLR058C,YLR058C_244,241,244
YLR058C,YLR058C_400,397,400
YLR060W,YLR060W_161,159,161
YLR060W,YLR060W_223,221,223
YLR060W,YLR060W_549,547,549
YLR072W,YLR072W_418,415,418
YLR075W,YLR075W_91,89,91
YLR075W,YLR075W_192,192,192
YLR079W,YLR079W_80,77,80
YLR094C,YLR094C_311,308,311
YLR106C,YLR106C_480,477,480
YLR106C,YLR106C_559,558,559
YLR109W,YLR109W_59,56,59
YLR109W,YLR109W_122,119,122
YLR109W,YLR109W_165,162,165
YLR110C,YLR110C_77,72,77
YLR110C,YLR110C_103,97,103
YLR113W,YLR113W_305,300,305
YLR116W,YLR116W_395,394,395
YLR120C,YLR120C_97,93,97
YLR129W,YLR129W_378,374,378
YLR133W,YLR133W_203,202,203
YLR150W,YLR150W_42,36,42
YLR150W,YLR150W_255,251,255
YLR153C,YLR153C_106,105,106
YLR153C,YLR153C_266,263,266
YLR153C,YLR153C_348,346,348
YLR153C,YLR153C_450,446,450
YLR153C,YLR153C_561,558,561
YLR153C,YLR153C_622,620,622
YLR163C,YLR163C_305,305,305
YLR167W,YLR167W_84,83,84
YLR168C,YLR168C_115,112,115
YLR172C,YLR172C_176,175,176
YLR172C,YLR172C_186,181,186
YLR172C,YLR172C_249,248,249
YLR172C,YLR172C_266,263,266
YLR175W,YLR175W_138,138,138
YLR179C,YLR179C_59,54,59
YLR179C,YLR179C_84,79,84
YLR180W,YLR180W_108,106,108
YLR180W,YLR180W_286,275,286
YLR183C,YLR183C_321,317,321
YLR185W,YLR185W_38,34,38
YLR187W,YLR187W_398,394,398
YLR192C,YLR192C_163,159,163
YLR192C,YLR192C_217,214,217
YLR192C,YLR192C_231,226,231
YLR192C,YLR192C_254,250,254
YLR194C,YLR194C_141,139,141
YLR197W,YLR197W_214,211,214
YLR197W,YLR197W_320,319,320
YLR201C,YLR201C_86,85,86
YLR203C,YLR203C_80,78,80
YLR203C,YLR203C_144,143,144
YLR206W,YLR206W_213,210,213
YLR208W,YLR208W_119,113,119
YLR209C,YLR209C_59,58,59
YLR214W,YLR214W_150,148,150
YLR216C,YLR216C_108,106,108
YLR223C,YLR223C_940,940,940
YLR229C,YLR229C_90,86,90
YLR231C,YLR231C_218,215,218
YLR244C,YLR244C_152,150,152
YLR244C,YLR244C_311,303,311
YLR248W,YLR248W_392,376,392
YLR249W,YLR249W_103,100,103
YLR249W,YLR249W_188,185,188
YLR249W,YLR249W_267,264,267
YLR249W,YLR249W_308,302,308
YLR249W,YLR249W_386,385,386
YLR249W,YLR249W_730,728,730
YLR249W,YLR249W_985,982,985
YLR256W,YLR256W_201,198,201
YLR256W,YLR256W_295,295,295
YLR259C,YLR259C_68,65,68
YLR259C,YLR259C_132,127,132
YLR259C,YLR259C_350,344,350
YLR259C,YLR259C_552,549,552
YLR268W,YLR268W_105,101,105
YLR270W,YLR270W_111,109,111
YLR285W,YLR285W_97,92,97
YLR286C,YLR286C_75,72,75
YLR286C,YLR286C_190,186,190
YLR287C-A,YLR287C-A_60,57,60
YLR291C,YLR291C_287,286,287
YLR293C,YLR293C_188,182,188
YLR295C,YLR295C_63,62,63
YLR300W,YLR300W_250,248,250
YLR300W,YLR300W_355,354,355
YLR301W,YLR301W_93,88,93
YLR304C,YLR304C_355,352,355
YLR304C,YLR304C_444,443,444
YLR304C,YLR304C_546,544,546
YLR304C,YLR304C_688,685,688
YLR314C,YLR314C_271,266,271
YLR314C,YLR314C_508,506,508
YLR319C,YLR319C_283,276,283
YLR325C,YLR325C_70,68,70
YLR335W,YLR335W_414,411,414
YLR335W,YLR335W_518,517,518
YLR335W,YLR335W_539,538,539
YLR335W,YLR335W_692,688,692
YLR337C,YLR337C_315,315,315
YLR337C,YLR337C_430,428,430
YLR340W,YLR340W_106,103,106
YLR340W,YLR340W_234,232,234
YLR340W,YLR340W_254,253,254
YLR342W,YLR342W_302,299,302
YLR342W,YLR342W_336,334,336
YLR342W,YLR342W_1131,1131,1131
YLR342W,YLR342W_1323,1319,1323
YLR342W,YLR342W_1631,1627,1631
YLR342W,YLR342W_1779,1777,1779
YLR344W,YLR344W_101,101,101
YLR347C,YLR347C_521,519,521
YLR347C,YLR347C_771,770,771
YLR348C,YLR348C_101,98,101
YLR350W,YLR350W_94,94,94
YLR354C,YLR354C_186,181,186
YLR354C,YLR354C_276,272,276
YLR355C,YLR355C_89,87,89
YLR355C,YLR355C_153,150,153
YLR355C,YLR355C_171,170,171
YLR355C,YLR355C_287,282,287
YLR356W,YLR356W_75,71,75
YLR359W,YLR359W_254,251,254
YLR359W,YLR359W_287,285,287
YLR367W,YLR367W_95,91,95
YLR373C,YLR373C_193,192,193
YLR378C,YLR378C_146,143,146
YLR378C,YLR378C_386,384,386
YLR378C,YLR378C_456,454,456
YLR380W,YLR380W_224,217,224
YLR380W,YLR380W_243,237,243
YLR380W,YLR380W_355,352,355
YLR384C,YLR384C_433,431,433
YLR384C,YLR384C_668,663,668
YLR390W-A,YLR390W-A_62,59,62
YLR390W-A,YLR390W-A_68,65,68
YLR390W-A,YLR390W-A_97,95,97
YLR399C,YLR399C_440,436,440
YLR406C,YLR406C_89,87,89
YLR410W,YLR410W_303,300,303
YLR413W,YLR413W_400,393,400
YLR420W,YLR420W_273,270,273
YLR429W,YLR429W_376,372,376
YLR432W,YLR432W_73,71,73
YLR432W,YLR432W_106,101,106
YLR432W,YLR432W_246,242,246
YLR432W,YLR432W_508,501,508
YLR437C,YLR437C_92,89,92
YLR438W,YLR438W_217,217,217
YLR438W,YLR438W_315,311,315
YLR438W,YLR438W_364,362,364
YLR438W,YLR438W_390,389,390
YLR439W,YLR439W_62,56,62
YLR439W,YLR439W_85,84,85
YLR441C,YLR441C_138,137,138
YLR441C,YLR441C_204,198,204
YLR447C,YLR447C_161,159,161
YLR448W,YLR448W_90,83,90
YLR450W,YLR450W_979,978,979
YLR452C,YLR452C_103,99,103
YML001W,YML001W_92,92,92
YML004C,YML004C_279,277,279
YML008C,YML008C_200,197,200
YML008C,YML008C_378,370,378
YML010W,YML010W_589,585,589
YML012W,YML012W_91,87,91
YML014W,YML014W_182,180,182
YML021C,YML021C_179,178,179
YML024W,YML024W_58,52,58
YML025C,YML025C_92,90,92
YML026C,YML026C_80,78,80
YML028W,YML028W_76,71,76
YML028W,YML028W_177,175,177
YML035C,YML035C_444,442,444
YML035C,YML035C_602,598,602
YML048W,YML048W_101,101,101
YML048W,YML048W_134,131,134
YML048W,YML048W_204,203,204
YML055W,YML055W_86,84,86
YML056C,YML056C_247,240,247
YML057W,YML057W_379,379,379
YML058W,YML058W_59,56,59
YML063W,YML063W_132,128,132
YML063W,YML063W_140,139,140
YML063W,YML063W_208,207,208
YML069W,YML069W_315,310,315
YML070W,YML070W_234,230,234
YML072C,YML072C_1539,1536,1539
YML074C,YML074C_190,186,190
YML078W,YML078W_123,119,123
YML085C,YML085C_361,356,361
YML086C,YML086C_276,272,276
YML092C,YML092C_156,155,156
YML092C,YML092C_223,219,223
YML097C,YML097C_77,74,77
YML100W,YML100W_169,165,169
YML100W,YML100W_1027,1025,1027
YML105C,YML105C_236,234,236
YML106W,YML106W_136,133,136
YML106W,YML106W_221,221,221
YML123C,YML123C_156,152,156
YML123C,YML123C_288,285,288
YML124C,YML124C_382,379,382
YML125C,YML125C_90,88,90
YML126C,YML126C_103,100,103
YML126C,YML126C_321,319,321
YML126C,YML126C_408,406,408
YMR001C,YMR001C_661,657,661
YMR005W,YMR005W_328,323,328
YMR008C,YMR008C_99,98,99
YMR012W,YMR012W_82,79,82
YMR012W,YMR012W_210,208,210
YMR012W,YMR012W_282,279,282
YMR012W,YMR012W_957,955,957
YMR012W,YMR012W_1017,1015,1017
YMR012W,YMR012W_1107,1100,1107
YMR027W,YMR027W_454,454,454
YMR038C,YMR038C_201,199,201
YMR043W,YMR043W_261,259,261
YMR049C,YMR049C_537,533,537
YMR049C,YMR049C_681,677,681
YMR058W,YMR058W_100,95,100
YMR062C,YMR062C_238,235,238
YMR067C,YMR067C_185,184,185
YMR072W,YMR072W_120,115,120
YMR072W,YMR072W_182,178,182
YMR079W,YMR079W_165,165,165
YMR079W,YMR079W_218,218,218
YMR080C,YMR080C_672,669,672
YMR083W,YMR083W_57,54,57
YMR083W,YMR083W_97,97,97
YMR089C,YMR089C_162,154,162
YMR092C,YMR092C_491,487,491
YMR093W,YMR093W_306,300,306
YMR099C,YMR099C_100,98,100
YMR099C,YMR099C_276,271,276
YMR108W,YMR108W_85,81,85
YMR108W,YMR108W_307,305,307
YMR108W,YMR108W_532,523,532
YMR108W,YMR108W_636,635,636
YMR109W,YMR109W_1003,999,1003
YMR109W,YMR109W_1012,1012,1012
YMR109W,YMR109W_1041,1040,1041
YMR109W,YMR109W_1056,1052,1056
YMR109W,YMR109W_1078,1073,1078
YMR116C,YMR116C_73,73,73
YMR116C,YMR116C_126,123,126
YMR116C,YMR116C_203,201,203
YMR116C,YMR116C_257,255,257
YMR120C,YMR120C_246,244,246
YMR120C,YMR120C_257,250,257
YMR120C,YMR120C_296,294,296
YMR120C,YMR120C_547,543,547
YMR125W,YMR125W_99,97,99
YMR128W,YMR128W_577,574,577
YMR131C,YMR131C_361,357,361
YMR136W,YMR136W_358,349,358
YMR142C,YMR142C_63,59,63
YMR142C,YMR142C_144,139,144
YMR143W,YMR143W_134,131,134
YMR145C,YMR145C_263,260,263
YMR145C,YMR145C_426,424,426
YMR145C,YMR145C_433,430,433
YMR145C,YMR145C_441,437,441
YMR146C,YMR146C_93,92,93
YMR146C,YMR146C_245,243,245
YMR146C,YMR146C_340,336,340
YMR147W,YMR147W_136,130,136
YMR152W,YMR152W_144,142,144
YMR152W,YMR152W_310,309,310
YMR165C,YMR165C_110,108,110
YMR184W,YMR184W_71,68,71
YMR186W,YMR186W_417,414,417
YMR186W,YMR186W_546,545,546
YMR186W,YMR186W_627,627,627
YMR189W,YMR189W_821,819,821
YMR189W,YMR189W_919,918,919
YMR194W,YMR194W_99,94,99
YMR195W,YMR195W_113,111,113
YMR205C,YMR205C_154,149,154
YMR205C,YMR205C_259,256,259
YMR205C,YMR205C_298,294,298
YMR205C,YMR205C_458,458,458
YMR205C,YMR205C_514,511,514
YMR205C,YMR205C_595,594,595
YMR208W,YMR208W_128,125,128
YMR210W,YMR210W_141,137,141
YMR215W,YMR215W_100,97,100
YMR217W,YMR217W_157,154,157
YMR226C,YMR226C_262,259,262
YMR229C,YMR229C_1159,1159,1159
YMR229C,YMR229C_1204,1203,1204
YMR229C,YMR229C_1347,1347,1347
YMR230W,YMR230W_98,97,98
YMR235C,YMR235C_153,149,153
YMR236W,YMR236W_142,139,142
YMR237W,YMR237W_333,327,333
YMR237W,YMR237W_407,405,407
YMR241W,YMR241W_224,223,224
YMR242C,YMR242C_157,149,157
YMR246W,YMR246W_445,438,445
YMR262W,YMR262W_227,223,227
YMR276W,YMR276W_236,236,236
YMR277W,YMR277W_443,441,443
YMR295C,YMR295C_143,137,143
YMR296C,YMR296C_445,438,445
YMR296C,YMR296C_531,531,531
YMR296C,YMR296C_552,551,552
YMR297W,YMR297W_264,260,264
YMR298W,YMR298W_112,109,112
YMR300C,YMR300C_312,308,312
YMR300C,YMR300C_405,397,405
YMR301C,YMR301C_88,84,88
YMR302C,YMR302C_179,177,179
YMR305C,YMR305C_114,108,114
YMR305C,YMR305C_125,122,125
YMR307W,YMR307W_68,65,68
YMR307W,YMR307W_360,359,360
YMR308C,YMR308C_83,77,83
YMR310C,YMR310C_92,88,92
YMR315W,YMR315W_192,189,192
YMR315W,YMR315W_266,265,266
YMR318C,YMR318C_173,171,173
YMR318C,YMR318C_250,249,250
YMR318C,YMR318C_331,329,331
YNL007C,YNL007C_86,83,86
YNL010W,YNL010W_93,91,93
YNL016W,YNL016W_155,153,155
YNL031C,YNL031C_91,88,91
YNL035C,YNL035C_106,104,106
YNL037C,YNL037C_306,302,306
YNL045W,YNL045W_197,196,197
YNL045W,YNL045W_242,240,242
YNL049C,YNL049C_238,235,238
YNL049C,YNL049C_715,713,715
YNL055C,YNL055C_112,111,112
YNL055C,YNL055C_179,178,179
YNL055C,YNL055C_280,276,280
YNL058C,YNL058C_77,71,77
YNL061W,YNL061W_436,433,436
YNL062C,YNL062C_457,452,457
YNL064C,YNL064C_83,79,83
YNL064C,YNL064C_357,356,357
YNL066W,YNL066W_69,64,69
YNL066W,YNL066W_112,104,112
YNL067W,YNL067W_70,66,70
YNL069C,YNL069C_96,91,96
YNL069C,YNL069C_182,178,182
YNL070W,YNL070W_57,55,57
YNL071W,YNL071W_63,63,63
YNL071W,YNL071W_181,178,181
YNL071W,YNL071W_233,231,233
YNL071W,YNL071W_421,418,421
YNL072W,YNL072W_223,221,223
YNL074C,YNL074C_178,173,178
YNL075W,YNL075W_164,161,164
YNL079C,YNL079C_110,109,110
YNL081C,YNL081C_141,135,141
YNL085W,YNL085W_364,362,364
YNL085W,YNL085W_376,369,376
YNL085W,YNL085W_637,635,637
YNL088W,YNL088W_185,182,185
YNL096C,YNL096C_90,83,90
YNL096C,YNL096C_122,117,122
YNL104C,YNL104C_108,104,108
YNL104C,YNL104C_196,191,196
YNL104C,YNL104C_206,202,206
YNL108C,YNL108C_100,99,100
YNL112W,YNL112W_488,486,488
YNL116W,YNL116W_359,356,359
YNL118C,YNL118C_394,393,394
YNL121C,YNL121C_71,69,71
YNL121C,YNL121C_298,294,298
YNL123W,YNL123W_686,682,686
YNL131W,YNL131W_116,111,116
YNL132W,YNL132W_508,507,508
YNL134C,YNL134C_136,132,136
YNL135C,YNL135C_91,84,91
YNL138W,YNL138W_266,265,266
YNL138W,YNL138W_279,275,279
YNL138W,YNL138W_456,455,456
YNL138W,YNL138W_464,464,464
YNL157W,YNL157W_156,154,156
YNL161W,YNL161W_611,610,611
YNL162W,YNL162W_84,79,84
YNL163C,YNL163C_293,293,293
YNL166C,YNL166C_105,101,105
YNL169C,YNL169C_245,242,245
YNL173C,YNL173C_366,361,366
YNL175C,YNL175C_224,223,224
YNL178W,YNL178W_99,93,99
YNL178W,YNL178W_121,115,121
YNL178W,YNL178W_191,189,191
YNL178W,YNL178W_204,202,204
YNL189W,YNL189W_186,183,186
YNL189W,YNL189W_349,346,349
YNL190W,YNL190W_62,59,62
YNL190W,YNL190W_122,118,122
YNL190W,YNL190W_179,173,179
YNL197C,YNL197C_347,346,347
YNL197C,YNL197C_428,426,428
YNL197C,YNL197C_529,522,529
YNL197C,YNL197C_549,547,549
YNL207W,YNL207W_177,177,177
YNL216W,YNL216W_781,779,781
YNL220W,YNL220W_150,147,150
YNL220W,YNL220W_167,160,167
YNL220W,YNL220W_259,258,259
YNL229C,YNL229C_346,341,346
YNL231C,YNL231C_205,204,205
YNL239W,YNL239W_125,118,125
YNL239W,YNL239W_378,374,378
YNL241C,YNL241C_120,116,120
YNL241C,YNL241C_395,393,395
YNL243W,YNL243W_295,290,295
YNL246W,YNL246W_153,147,153
YNL247W,YNL247W_187,183,187
YNL247W,YNL247W_236,233,236
YNL247W,YNL247W_259,254,259
YNL262W,YNL262W_300,297,300
YNL278W,YNL278W_960,957,960
YNL281W,YNL281W_90,90,90
YNL287W,YNL287W_298,296,298
YNL287W,YNL287W_729,727,729
YNL289W,YNL289W_74,70,74
YNL289W,YNL289W_96,92,96
YNL292W,YNL292W_153,150,153
YNL292W,YNL292W_206,204,206
YNL300W,YNL300W_96,96,96
YNL301C,YNL301C_100,93,100
YNL302C,YNL302C_62,57,62
YNL307C,YNL307C_105,102,105
YNL309W,YNL309W_278,275,278
YNL310C,YNL310C_169,167,169
YNL321W,YNL321W_250,250,250
YNL322C,YNL322C_95,93,95
YNL322C,YNL322C_157,151,157
YNL322C,YNL322C_190,186,190
YNL327W,YNL327W_79,74,79
YNR001C,YNR001C_413,407,413
YNR013C,YNR013C_185,184,185
YNR013C,YNR013C_502,502,502
YNR015W,YNR015W_119,117,119
YNR016C,YNR016C_98,93,98
YNR016C,YNR016C_284,283,284
YNR016C,YNR016C_300,297,300
YNR016C,YNR016C_1141,1138,1141
YNR016C,YNR016C_1214,1208,1214
YNR016C,YNR016C_1931,1927,1931
YNR018W,YNR018W_126,124,126
YNR018W,YNR018W_192,190,192
YNR021W,YNR021W_269,267,269
YNR021W,YNR021W_290,288,290
YNR026C,YNR026C_320,314,320
YNR026C,YNR026C_359,359,359
YNR029C,YNR029C_172,170,172
YNR035C,YNR035C_103,98,103
YNR035C,YNR035C_222,220,222
YNR043W,YNR043W_97,93,97
YNR043W,YNR043W_123,121,123
YNR043W,YNR043W_157,154,157
YNR044W,YNR044W_121,117,121
YNR046W,YNR046W_82,73,82
YNR047W,YNR047W_284,283,284
YNR049C,YNR049C_101,99,101
YNR051C,YNR051C_345,340,345
YNR067C,YNR067C_204,204,204
YOL004W,YOL004W_103,99,103
YOL004W,YOL004W_119,115,119
YOL004W,YOL004W_129,125,129
YOL004W,YOL004W_190,189,190
YOL004W,YOL004W_1386,1382,1386
YOL006C,YOL006C_487,482,487
YOL007C,YOL007C_111,111,111
YOL012C,YOL012C_92,89,92
YOL019W,YOL019W_475,474,475
YOL019W,YOL019W_498,492,498
YOL019W,YOL019W_541,538,541
YOL021C,YOL021C_73,72,73
YOL027C,YOL027C_75,69,75
YOL027C,YOL027C_165,159,165
YOL028C,YOL028C_217,214,217
YOL030W,YOL030W_118,115,118
YOL030W,YOL030W_126,124,126
YOL038W,YOL038W_184,181,184
YOL039W,YOL039W_66,66,66
YOL039W,YOL039W_73,73,73
YOL040C,YOL040C_72,71,72
YOL041C,YOL041C_275,272,275
YOL045W,YOL045W_107,105,107
YOL051W,YOL051W_91,89,91
YOL051W,YOL051W_251,248,251
YOL051W,YOL051W_401,398,401
YOL052C,YOL052C_153,149,153
YOL057W,YOL057W_379,379,379
YOL058W,YOL058W_200,198,200
YOL059W,YOL059W_302,299,302
YOL060C,YOL060C_326,325,326
YOL061W,YOL061W_140,140,140
YOL061W,YOL061W_302,300,302
YOL061W,YOL061W_319,315,319
YOL071W,YOL071W_127,124,127
YOL077C,YOL077C_146,144,146
YOL086C,YOL086C_126,123,126
YOL086C,YOL086C_141,140,141
YOL086C,YOL086C_149,148,149
YOL086C,YOL086C_277,276,277
YOL088C,YOL088C_118,113,118
YOL092W,YOL092W_109,104,109
YOL092W,YOL092W_204,198,204
YOL097C,YOL097C_233,232,233
YOL109W,YOL109W_84,82,84
YOL111C,YOL111C_168,163,168
YOL120C,YOL120C_100,93,100
YOL121C,YOL121C_62,57,62
YOL123W,YOL123W_253,249,253
YOL123W,YOL123W_441,438,441
YOL124C,YOL124C_366,362,366
YOL126C,YOL126C_206,203,206
YOL127W,YOL127W_133,127,133
YOL135C,YOL135C_71,67,71
YOL139C,YOL139C_102,99,102
YOL139C,YOL139C_196,193,196
YOL139C,YOL139C_210,208,210
YOL149W,YOL149W_84,79,84
YOL152W,YOL152W_86,80,86
YOR007C,YOR007C_243,241,243
YOR016C,YOR016C_74,72,74
YOR020C,YOR020C_69,69,69
YOR021C,YOR021C_122,121,122
YOR023C,YOR023C_238,233,238
YOR023C,YOR023C_252,250,252
YOR027W,YOR027W_122,118,122
YOR027W,YOR027W_474,469,474
YOR027W,YOR027W_523,520,523
YOR038C,YOR038C_300,297,300
YOR042W,YOR042W_375,373,375
YOR043W,YOR043W_393,391,393
YOR046C,YOR046C_217,215,217
YOR048C,YOR048C_161,160,161
YOR048C,YOR048C_170,168,170
YOR056C,YOR056C_307,306,307
YOR063W,YOR063W_81,80,81
YOR063W,YOR063W_106,103,106
YOR063W,YOR063W_160,153,160
YOR063W,YOR063W_167,166,167
YOR065W,YOR065W_158,157,158
YOR066W,YOR066W_120,120,120
YOR070C,YOR070C_345,345,345
YOR074C,YOR074C_201,198,201
YOR081C,YOR081C_111,109,111
YOR085W,YOR085W_88,88,88
YOR086C,YOR086C_314,307,314
YOR089C,YOR089C_99,96,99
YOR091W,YOR091W_160,155,160
YOR096W,YOR096W_117,115,117
YOR098C,YOR098C_781,774,781
YOR099W,YOR099W_193,191,193
YOR108W,YOR108W_195,191,195
YOR109W,YOR109W_127,123,127
YOR112W,YOR112W_87,83,87
YOR117W,YOR117W_353,350,353
YOR122C,YOR122C_112,108,112
YOR123C,YOR123C_360,358,360
YOR124C,YOR124C_159,157,159
YOR128C,YOR128C_229,222,229
YOR136W,YOR136W_86,84,86
YOR136W,YOR136W_131,128,131
YOR136W,YOR136W_296,296,296
YOR142W,YOR142W_100,98,100
YOR151C,YOR151C_232,228,232
YOR151C,YOR151C_307,306,307
YOR151C,YOR151C_1017,1016,1017
YOR153W,YOR153W_62,59,62
YOR153W,YOR153W_253,249,253
YOR153W,YOR153W_391,389,391
YOR153W,YOR153W_427,425,427
YOR153W,YOR153W_727,722,727
YOR153W,YOR153W_777,772,777
YOR153W,YOR153W_941,938,941
YOR157C,YOR157C_143,138,143
YOR165W,YOR165W_109,106,109
YOR165W,YOR165W_122,121,122
YOR168W,YOR168W_425,425,425
YOR176W,YOR176W_128,124,128
YOR176W,YOR176W_309,307,309
YOR181W,YOR181W_191,186,191
YOR181W,YOR181W_394,391,394
YOR181W,YOR181W_428,427,428
YOR182C,YOR182C_60,58,60
YOR184W,YOR184W_241,240,241
YOR185C,YOR185C_184,182,184
YOR187W,YOR187W_121,117,121
YOR187W,YOR187W_147,145,147
YOR188W,YOR188W_1090,1088,1090
YOR196C,YOR196C_390,388,390
YOR197W,YOR197W_252,249,252
YOR198C,YOR198C_301,300,301
YOR198C,YOR198C_311,308,311
YOR204W,YOR204W_99,96,99
YOR204W,YOR204W_225,224,225
YOR204W,YOR204W_567,559,567
YOR206W,YOR206W_275,270,275
YOR207C,YOR207C_854,851,854
YOR209C,YOR209C_136,133,136
YOR212W,YOR212W_319,318,319
YOR217W,YOR217W_552,549,552
YOR224C,YOR224C_69,65,69
YOR224C,YOR224C_83,82,83
YOR230W,YOR230W_375,370,375
YOR233W,YOR233W_463,459,463
YOR234C,YOR234C_99,91,99
YOR239W,YOR239W_485,483,485
YOR247W,YOR247W_88,75,88
YOR247W,YOR247W_104,101,104
YOR251C,YOR251C_102,101,102
YOR259C,YOR259C_223,222,223
YOR260W,YOR260W_433,432,433
YOR264W,YOR264W_167,160,167
YOR267C,YOR267C_615,615,615
YOR270C,YOR270C_105,102,105
YOR270C,YOR270C_177,177,177
YOR270C,YOR270C_378,374,378
YOR271C,YOR271C_90,88,90
YOR271C,YOR271C_144,139,144
YOR272W,YOR272W_53,53,53
YOR272W,YOR272W_283,280,283
YOR276W,YOR276W_112,108,112
YOR285W,YOR285W_91,86,91
YOR293W,YOR293W_100,94,100
YOR294W,YOR294W_95,95,95
YOR294W,YOR294W_186,182,186
YOR303W,YOR303W_155,150,155
YOR310C,YOR310C_149,144,149
YOR311C,YOR311C_80,77,80
YOR312C,YOR312C_68,67,68
YOR317W,YOR317W_385,380,385
YOR323C,YOR323C_181,175,181
YOR323C,YOR323C_203,201,203
YOR323C,YOR323C_398,397,398
YOR326W,YOR326W_65,62,65
YOR329C,YOR329C_667,667,667
YOR332W,YOR332W_96,95,96
YOR332W,YOR332W_187,186,187
YOR335C,YOR335C_341,335,341
YOR335C,YOR335C_353,349,353
YOR340C,YOR340C_112,109,112
YOR341W,YOR341W_310,306,310
YOR341W,YOR341W_367,366,367
YOR341W,YOR341W_744,740,744
YOR341W,YOR341W_1218,1216,1218
YOR341W,YOR341W_1233,1228,1233
YOR344C,YOR344C_69,64,69
YOR361C,YOR361C_420,416,420
YOR362C,YOR362C_86,85,86
YOR362C,YOR362C_108,105,108
YOR367W,YOR367W_106,105,106
YOR369C,YOR369C_121,116,121
YOR371C,YOR371C_694,693,694
YOR373W,YOR373W_847,838,847
YOR374W,YOR374W_272,269,272
YOR374W,YOR374W_454,449,454
YOR375C,YOR375C_156,155,156
YOR375C,YOR375C_317,311,317
YOR375C,YOR375C_341,336,341
YOR375C,YOR375C_355,352,355
YOR383C,YOR383C_81,71,81
YPL004C,YPL004C_219,218,219
YPL009C,YPL009C_947,942,947
YPL013C,YPL013C_51,49,51
YPL016W,YPL016W_835,832,835
YPL019C,YPL019C_464,459,464
YPL028W,YPL028W_150,146,150
YPL028W,YPL028W_253,249,253
YPL030W,YPL030W_216,210,216
YPL032C,YPL032C_691,686,691
YPL032C,YPL032C_776,771,776
YPL037C,YPL037C_62,59,62
YPL037C,YPL037C_71,67,71
YPL043W,YPL043W_238,235,238
YPL043W,YPL043W_354,354,354
YPL043W,YPL043W_657,657,657
YPL048W,YPL048W_163,160,163
YPL048W,YPL048W_228,227,228
YPL048W,YPL048W_329,328,329
YPL049C,YPL049C_381,375,381
YPL055C,YPL055C_207,206,207
YPL061W,YPL061W_73,70,73
YPL061W,YPL061W_139,135,139
YPL061W,YPL061W_198,195,198
YPL063W,YPL063W_181,173,181
YPL078C,YPL078C_75,70,75
YPL079W,YPL079W_124,121,124
YPL079W,YPL079W_138,135,138
YPL079W,YPL079W_149,149,149
YPL081W,YPL081W_148,144,148
YPL084W,YPL084W_721,717,721
YPL085W,YPL085W_924,922,924
YPL085W,YPL085W_1014,1011,1014
YPL085W,YPL085W_1653,1650,1653
YPL085W,YPL085W_1726,1720,1726
YPL085W,YPL085W_2104,2097,2104
YPL085W,YPL085W_2143,2141,2143
YPL086C,YPL086C_368,365,368
YPL090C,YPL090C_116,114,116
YPL093W,YPL093W_276,272,276
YPL093W,YPL093W_410,407,410
YPL094C,YPL094C_165,165,165
YPL098C,YPL098C_88,88,88
YPL101W,YPL101W_249,245,249
YPL101W,YPL101W_292,288,292
YPL105C,YPL105C_779,774,779
YPL106C,YPL106C_100,100,100
YPL106C,YPL106C_151,147,151
YPL106C,YPL106C_176,174,176
YPL106C,YPL106C_361,359,361
YPL106C,YPL106C_370,368,370
YPL106C,YPL106C_384,381,384
YPL106C,YPL106C_424,423,424
YPL106C,YPL106C_452,451,452
YPL122C,YPL122C_152,152,152
YPL127C,YPL127C_111,110,111
YPL131W,YPL131W_77,75,77
YPL131W,YPL131W_100,96,100
YPL131W,YPL131W_142,137,142
YPL131W,YPL131W_169,168,169
YPL135W,YPL135W_137,129,137
YPL143W,YPL143W_97,87,97
YPL145C,YPL145C_211,207,211
YPL145C,YPL145C_296,294,296
YPL158C,YPL158C_315,314,315
YPL158C,YPL158C_433,430,433
YPL159C,YPL159C_64,61,64
YPL160W,YPL160W_211,210,211
YPL160W,YPL160W_225,222,225
YPL160W,YPL160W_421,420,421
YPL160W,YPL160W_1028,1025,1028
YPL163C,YPL163C_74,68,74
YPL163C,YPL163C_93,89,93
YPL163C,YPL163C_106,103,106
YPL170W,YPL170W_151,147,151
YPL177C,YPL177C_192,185,192
YPL183C,YPL183C_967,965,967
YPL190C,YPL190C_762,757,762
YPL198W,YPL198W_140,138,140
YPL198W,YPL198W_241,240,241
YPL203W,YPL203W_58,56,58
YPL210C,YPL210C_585,582,585
YPL211W,YPL211W_147,143,147
YPL212C,YPL212C_377,371,377
YPL215W,YPL215W_150,149,150
YPL218W,YPL218W_101,99,101
YPL226W,YPL226W_431,429,431
YPL226W,YPL226W_798,795,798
YPL226W,YPL226W_1123,1122,1123
YPL228W,YPL228W_439,437,439
YPL231W,YPL231W_95,91,95
YPL231W,YPL231W_116,112,116
YPL231W,YPL231W_124,123,124
YPL231W,YPL231W_293,288,293
YPL231W,YPL231W_1369,1365,1369
YPL231W,YPL231W_1795,1790,1795
YPL231W,YPL231W_1812,1810,1812
YPL231W,YPL231W_1830,1828,1830
YPL231W,YPL231W_1851,1845,1851
YPL231W,YPL231W_1863,1860,1863
YPL231W,YPL231W_1881,1873,1881
YPL232W,YPL232W_155,153,155
YPL240C,YPL240C_549,549,549
YPL243W,YPL243W_173,171,173
YPL249C-A,YPL249C-A_99,93,99
YPL252C,YPL252C_117,114,117
YPL256C,YPL256C_397,394,397
YPL260W,YPL260W_80,75,80
YPL262W,YPL262W_173,167,173
YPL265W,YPL265W_185,180,185
YPL266W,YPL266W_146,145,146
YPL270W,YPL270W_82,77,82
YPR004C,YPR004C_97,96,97
YPR010C,YPR010C_580,579,580
YPR010C,YPR010C_634,630,634
YPR010C,YPR010C_655,652,655
YPR010C,YPR010C_857,856,857
YPR010C,YPR010C_877,875,877
YPR010C,YPR010C_956,950,956
YPR011C,YPR011C_226,225,226
YPR016C,YPR016C_228,226,228
YPR019W,YPR019W_701,693,701
YPR024W,YPR024W_87,82,87
YPR024W,YPR024W_147,144,147
YPR029C,YPR029C_367,366,367
YPR035W,YPR035W_83,80,83
YPR035W,YPR035W_321,319,321
YPR036W,YPR036W_215,211,215
YPR036W,YPR036W_227,225,227
YPR041W,YPR041W_148,142,148
YPR041W,YPR041W_156,156,156
YPR043W,YPR043W_79,72,79
YPR060C,YPR060C_86,83,86
YPR063C,YPR063C_65,63,65
YPR063C,YPR063C_84,82,84
YPR065W,YPR065W_271,268,271
YPR065W,YPR065W_293,291,293
YPR069C,YPR069C_283,280,283
YPR074C,YPR074C_174,171,174
YPR074C,YPR074C_263,262,263
YPR074C,YPR074C_351,348,351
YPR074C,YPR074C_452,450,452
YPR074C,YPR074C_507,501,507
YPR091C,YPR091C_165,165,165
YPR097W,YPR097W_279,279,279
YPR097W,YPR097W_352,349,352
YPR098C,YPR098C_67,62,67
YPR102C,YPR102C_145,145,145
YPR103W,YPR103W_188,183,188
YPR110C,YPR110C_83,75,83
YPR110C,YPR110C_160,160,160
YPR110C,YPR110C_249,248,249
YPR112C,YPR112C_102,100,102
YPR114W,YPR114W_166,166,166
YPR125W,YPR125W_144,142,144
YPR129W,YPR129W_95,90,95
YPR129W,YPR129W_106,103,106
YPR137W,YPR137W_349,344,349
YPR145W,YPR145W_180,174,180
YPR145W,YPR145W_189,188,189
YPR145W,YPR145W_489,485,489
YPR145W,YPR145W_540,537,540
YPR148C,YPR148C_332,329,332
YPR154W,YPR154W_135,135,135
YPR159W,YPR159W_174,171,174
YPR159W,YPR159W_225,224,225
YPR163C,YPR163C_96,95,96
YPR169W,YPR169W_192,189,192
YPR170W-B,YPR170W-B_62,59,62
YPR171W,YPR171W_312,308,312
YPR172W,YPR172W_80,78,80
YPR180W,YPR180W_252,245,252
YPR181C,YPR181C_106,104,106
YPR181C,YPR181C_119,110,119
YPR181C,YPR181C_225,219,225
YPR181C,YPR181C_298,295,298
YPR181C,YPR181C_377,374,377
YPR181C,YPR181C_515,512,515
YPR183W,YPR183W_78,75,78
YPR183W,YPR183W_103,101,103
YPR183W,YPR183W_153,150,153
YPR183W,YPR183W_190,186,190
YPR190C,YPR190C_370,369,370
YPR191W,YPR191W_101,99,101
YPR191W,YPR191W_124,121,124
YPR191W,YPR191W_248,245,248
YPR191W,YPR191W_263,260,263
YPR191W,YPR191W_282,280,282