YAL003W,YAL003W_73,71,73
YAL005C,YAL005C_623,619,623
YAL012W,YAL012W_86,83,86
YAL012W,YAL012W_320,320,320
YAL012W,YAL012W_394,391,394
YAL023C,YAL023C_341,339,341
YAL023C,YAL023C_433,429,433
YAL023C,YAL023C_524,522,524
YAL035W,YAL035W_940,940,940
YAL036C,YAL036C_309,307,309
YAL038W,YAL038W_379,374,379
YAR015W,YAR015W_128,126,128
YBL002W,YBL002W_128,125,128
YBL007C,YBL007C_158,158,158
YBL016W,YBL016W_267,264,267
YBL016W,YBL016W_326,322,326
YBL027W,YBL027W_38,33,38
YBL028C,YBL028C_73,73,73
YBL030C,YBL030C_141,139,141
YBL030C,YBL030C_268,263,268
YBL032W,YBL032W_252,249,252
YBL039C,YBL039C_574,570,574
YBL046W,YBL046W_368,366,368
YBL047C,YBL047C_1157,1151,1157
YBL076C,YBL076C_400,395,400
YBL076C,YBL076C_411,403,411
YBL076C,YBL076C_771,769,771
YBL091C,YBL091C_398,391,398
YBL092W,YBL092W_90,88,90
YBL099W,YBL099W_330,328,330
YBL099W,YBL099W_451,447,451
YBL104C,YBL104C_821,821,821
YBL105C,YBL105C_1122,1120,1122
YBR010W,YBR010W_89,89,89
YBR011C,YBR011C_256,249,256
YBR031W,YBR031W_128,128,128
YBR031W,YBR031W_281,278,281
YBR048W,YBR048W_111,111,111
YBR067C,YBR067C_110,109,110
YBR067C,YBR067C_142,139,142
YBR068C,YBR068C_370,367,370
YBR069C,YBR069C_360,355,360
YBR078W,YBR078W_409,408,409
YBR079C,YBR079C_438,436,438
YBR079C,YBR079C_455,452,455
YBR079C,YBR079C_939,929,939
YBR082C,YBR082C_62,60,62
YBR086C,YBR086C_822,820,822
YBR088C,YBR088C_139,134,139
YBR121C,YBR121C_252,248,252
YBR126C,YBR126C_290,290,290
YBR126C,YBR126C_494,490,494
YBR127C,YBR127C_264,262,264
YBR127C,YBR127C_417,411,417
YBR127C,YBR127C_452,448,452
YBR127C,YBR127C_490,489,490
YBR127C,YBR127C_514,507,514
YBR143C,YBR143C_408,406,408
YBR158W,YBR158W_326,324,326
YBR160W,YBR160W_293,290,293
YBR162C,YBR162C_204,197,204
YBR162C,YBR162C_253,251,253
YBR162C,YBR162C_265,262,265
YBR162C,YBR162C_271,269,271
YBR177C,YBR177C_324,322,324
YBR189W,YBR189W_163,161,163
YBR191W,YBR191W_152,150,152
YBR196C,YBR196C_317,315,317
YBR196C,YBR196C_536,533,536
YBR205W,YBR205W_358,355,358
YBR216C,YBR216C_529,525,529
YBR218C,YBR218C_1177,1174,1177
YBR221C,YBR221C_199,197,199
YBR221C,YBR221C_331,331,331
YBR221C,YBR221C_353,350,353
YBR249C,YBR249C_43,39,43
YBR249C,YBR249C_342,337,342
YBR265W,YBR265W_234,230,234
YBR283C,YBR283C_350,350,350
YBR286W,YBR286W_317,313,317
YBR286W,YBR286W_324,321,324
YBR286W,YBR286W_455,455,455
YBR286W,YBR286W_502,497,502
YBR286W,YBR286W_535,533,535
YBR287W,YBR287W_379,373,379
YCL009C,YCL009C_49,48,49
YCL009C,YCL009C_192,182,192
YCL009C,YCL009C_209,206,209
YCL057W,YCL057W_38,35,38
YCR004C,YCR004C_206,205,206
YCR012W,YCR012W_271,270,271
YCR012W,YCR012W_367,362,367
YCR012W,YCR012W_394,394,394
YCR034W,YCR034W_339,334,339
YCR052W,YCR052W_331,328,331
YCR052W,YCR052W_380,375,380
YCR077C,YCR077C_413,412,413
YCR084C,YCR084C_260,257,260
YCR093W,YCR093W_1291,1287,1291
YCR093W,YCR093W_2107,2105,2107
YDL007W,YDL007W_390,386,390
YDL014W,YDL014W_32,32,32
YDL029W,YDL029W_314,309,314
YDL040C,YDL040C_413,409,413
YDL046W,YDL046W_33,31,33
YDL052C,YDL052C_260,252,260
YDL055C,YDL055C_263,262,263
YDL055C,YDL055C_299,297,299
YDL084W,YDL084W_248,247,248
YDL086W,YDL086W_157,150,157
YDL100C,YDL100C_127,124,127
YDL106C,YDL106C_438,433,438
YDL124W,YDL124W_213,209,213
YDL126C,YDL126C_275,271,275
YDL140C,YDL140C_1096,1096,1096
YDL140C,YDL140C_1549,1542,1549
YDL140C,YDL140C_1624,1616,1624
YDL140C,YDL140C_1662,1657,1662
YDL140C,YDL140C_1681,1677,1681
YDL140C,YDL140C_1702,1701,1702
YDL141W,YDL141W_497,496,497
YDL145C,YDL145C_916,909,916
YDL145C,YDL145C_961,958,961
YDL156W,YDL156W_484,481,484
YDL164C,YDL164C_698,698,698
YDL167C,YDL167C_430,427,430
YDL168W,YDL168W_347,346,347
YDL171C,YDL171C_1276,1269,1276
YDL182W,YDL182W_417,416,417
YDL185W,YDL185W_377,373,377
YDL185W,YDL185W_401,396,401
YDL185W,YDL185W_462,460,462
YDL185W,YDL185W_532,529,532
YDL185W,YDL185W_636,631,636
YDL185W,YDL185W_682,679,682
YDL185W,YDL185W_689,687,689
YDL185W,YDL185W_728,727,728
YDL185W,YDL185W_869,866,869
YDL190C,YDL190C_718,714,718
YDL195W,YDL195W_384,381,384
YDL195W,YDL195W_804,801,804
YDL195W,YDL195W_857,853,857
YDL195W,YDL195W_947,943,947
YDL195W,YDL195W_968,962,968
YDL195W,YDL195W_1043,1039,1043
YDL195W,YDL195W_1108,1094,1108
YDL195W,YDL195W_1139,1134,1139
YDL198C,YDL198C_221,216,221
YDL224C,YDL224C_523,521,523
YDL224C,YDL224C_610,607,610
YDL229W,YDL229W_149,144,149
YDL229W,YDL229W_390,383,390
YDR025W,YDR025W_53,46,53
YDR025W,YDR025W_112,111,112
YDR033W,YDR033W_163,161,163
YDR033W,YDR033W_294,286,294
YDR035W,YDR035W_231,229,231
YDR035W,YDR035W_310,309,310
YDR037W,YDR037W_443,439,443
YDR037W,YDR037W_472,470,472
YDR046C,YDR046C_542,537,542
YDR054C,YDR054C_139,136,139
YDR060W,YDR060W_571,568,571
YDR064W,YDR064W_145,144,145
YDR077W,YDR077W_38,35,38
YDR077W,YDR077W_147,142,147
YDR077W,YDR077W_160,152,160
YDR084C,YDR084C_99,96,99
YDR091C,YDR091C_355,353,355
YDR127W,YDR127W_322,315,322
YDR127W,YDR127W_1284,1282,1284
YDR129C,YDR129C_586,582,586
YDR155C,YDR155C_114,112,114
YDR155C,YDR155C_145,144,145
YDR158W,YDR158W_35,35,35
YDR158W,YDR158W_352,350,352
YDR170C,YDR170C_1099,1099,1099
YDR170C,YDR170C_1900,1898,1900
YDR171W,YDR171W_226,222,226
YDR174W,YDR174W_188,188,188
YDR190C,YDR190C_334,331,334
YDR232W,YDR232W_243,240,243
YDR234W,YDR234W_450,448,450
YDR246W,YDR246W_161,156,161
YDR293C,YDR293C_855,854,855
YDR304C,YDR304C_62,60,62
YDR304C,YDR304C_147,144,147
YDR321W,YDR321W_281,276,281
YDR341C,YDR341C_257,256,257
YDR341C,YDR341C_470,470,470
YDR341C,YDR341C_534,530,534
YDR345C,YDR345C_256,254,256
YDR345C,YDR345C_541,538,541
YDR353W,YDR353W_254,250,254
YDR373W,YDR373W_178,178,178
YDR385W,YDR385W_787,784,787
YDR388W,YDR388W_322,320,322
YDR394W,YDR394W_362,359,362
YDR395W,YDR395W_527,526,527
YDR411C,YDR411C_337,336,337
YDR432W,YDR432W_93,90,93
YDR450W,YDR450W_79,76,79
YDR508C,YDR508C_425,422,425
YDR517W,YDR517W_367,363,367
YEL027W,YEL027W_108,103,108
YEL031W,YEL031W_881,881,881
YEL031W,YEL031W_965,962,965
YEL032W,YEL032W_537,534,537
YEL032W,YEL032W_712,711,712
YEL037C,YEL037C_99,93,99
YEL040W,YEL040W_242,237,242
YEL040W,YEL040W_365,364,365
YEL040W,YEL040W_418,417,418
YEL042W,YEL042W_145,137,145
YEL046C,YEL046C_289,286,289
YEL058W,YEL058W_151,149,151
YER003C,YER003C_33,32,33
YER003C,YER003C_94,92,94
YER011W,YER011W_140,137,140
YER023W,YER023W_150,148,150
YER025W,YER025W_307,303,307
YER025W,YER025W_394,389,394
YER031C,YER031C_186,184,186
YER036C,YER036C_552,550,552
YER043C,YER043C_71,71,71
YER043C,YER043C_90,87,90
YER043C,YER043C_236,233,236
YER043C,YER043C_404,402,404
YER055C,YER055C_192,187,192
YER056C,YER056C_478,477,478
YER070W,YER070W_297,294,297
YER070W,YER070W_374,371,374
YER070W,YER070W_629,628,629
YER070W,YER070W_856,844,856
YER073W,YER073W_451,449,451
YER074W,YER074W_69,67,69
YER082C,YER082C_436,433,436
YER082C,YER082C_481,480,481
YER082C,YER082C_536,532,536
YER086W,YER086W_342,340,342
YER086W,YER086W_401,399,401
YER091C,YER091C_228,224,228
YER110C,YER110C_889,879,889
YER120W,YER120W_211,203,211
YER143W,YER143W_349,344,349
YER145C,YER145C_123,121,123
YER151C,YER151C_346,341,346
YER151C,YER151C_399,397,399
YER165W,YER165W_427,424,427
YER177W,YER177W_170,163,170
YER177W,YER177W_189,189,189
YER178W,YER178W_190,189,190
YER178W,YER178W_379,375,379
YFL007W,YFL007W_2077,2073,2077
YFL010C,YFL010C_102,97,102
YFL010C,YFL010C_119,115,119
YFL026W,YFL026W_382,381,382
YFL037W,YFL037W_170,168,170
YFL038C,YFL038C_157,154,157
YFL039C,YFL039C_321,318,321
YFL039C,YFL039C_339,338,339
YFL039C,YFL039C_352,348,352
YFL045C,YFL045C_179,178,179
YFR009W,YFR009W_376,374,376
YFR009W,YFR009W_699,698,699
YFR024C-A,YFR024C-A_403,395,403
YFR025C,YFR025C_257,252,257
YFR028C,YFR028C_429,425,429
YFR031C-A,YFR031C-A_52,52,52
YFR051C,YFR051C_439,437,439
YFR051C,YFR051C_534,532,534
YFR055W,YFR055W_247,244,247
YGL008C,YGL008C_368,367,368
YGL008C,YGL008C_608,607,608
YGL008C,YGL008C_658,657,658
YGL008C,YGL008C_746,744,746
YGL008C,YGL008C_824,819,824
YGL008C,YGL008C_862,858,862
YGL009C,YGL009C_517,511,517
YGL019W,YGL019W_158,155,158
YGL022W,YGL022W_420,416,420
YGL026C,YGL026C_488,485,488
YGL040C,YGL040C_257,257,257
YGL062W,YGL062W_344,339,344
YGL094C,YGL094C_669,668,669
YGL099W,YGL099W_332,332,332
YGL099W,YGL099W_502,501,502
YGL105W,YGL105W_227,219,227
YGL116W,YGL116W_539,531,539
YGL116W,YGL116W_606,601,606
YGL120C,YGL120C_524,522,524
YGL120C,YGL120C_617,612,617
YGL120C,YGL120C_723,723,723
YGL122C,YGL122C_182,178,182
YGL123W,YGL123W_233,232,233
YGL130W,YGL130W_439,438,439
YGL137W,YGL137W_197,194,197
YGL137W,YGL137W_830,827,830
YGL137W,YGL137W_869,867,869
YGL148W,YGL148W_199,198,199
YGL148W,YGL148W_344,342,344
YGL173C,YGL173C_892,890,892
YGL173C,YGL173C_1417,1417,1417
YGL173C,YGL173C_1446,1444,1446
YGL189C,YGL189C_114,110,114
YGL190C,YGL190C_482,480,482
YGL190C,YGL190C_488,486,488
YGL195W,YGL195W_2033,2028,2033
YGL195W,YGL195W_2246,2240,2246
YGL195W,YGL195W_2331,2328,2331
YGL202W,YGL202W_182,181,182
YGL202W,YGL202W_287,282,287
YGL206C,YGL206C_412,410,412
YGL207W,YGL207W_463,462,463
YGL213C,YGL213C_278,273,278
YGL234W,YGL234W_715,712,715
YGL245W,YGL245W_47,45,47
YGL253W,YGL253W_236,232,236
YGL253W,YGL253W_263,261,263
YGL253W,YGL253W_460,456,460
YGR049W,YGR049W_90,87,90
YGR054W,YGR054W_579,567,579
YGR055W,YGR055W_386,385,386
YGR061C,YGR061C_545,543,545
YGR061C,YGR061C_716,714,716
YGR061C,YGR061C_753,747,753
YGR061C,YGR061C_884,882,884
YGR061C,YGR061C_936,934,936
YGR079W,YGR079W_161,159,161
YGR082W,YGR082W_80,78,80
YGR083C,YGR083C_361,355,361
YGR094W,YGR094W_191,188,191
YGR094W,YGR094W_197,194,197
YGR094W,YGR094W_439,437,439
YGR094W,YGR094W_549,546,549
YGR116W,YGR116W_535,532,535
YGR124W,YGR124W_63,54,63
YGR124W,YGR124W_180,175,180
YGR124W,YGR124W_206,204,206
YGR124W,YGR124W_485,484,485
YGR135W,YGR135W_216,212,216
YGR145W,YGR145W_353,347,353
YGR148C,YGR148C_155,150,155
YGR155W,YGR155W_148,148,148
YGR155W,YGR155W_199,194,199
YGR155W,YGR155W_287,279,287
YGR162W,YGR162W_46,44,46
YGR167W,YGR167W_108,105,108
YGR180C,YGR180C_237,237,237
YGR180C,YGR180C_333,333,333
YGR185C,YGR185C_321,316,321
YGR189C,YGR189C_321,316,321
YGR189C,YGR189C_333,326,333
YGR189C,YGR189C_410,408,410
YGR191W,YGR191W_257,257,257
YGR191W,YGR191W_361,359,361
YGR192C,YGR192C_114,114,114
YGR192C,YGR192C_207,204,207
YGR192C,YGR192C_237,234,237
YGR200C,YGR200C_602,600,602
YGR204W,YGR204W_276,272,276
YGR204W,YGR204W_308,306,308
YGR204W,YGR204W_419,414,419
YGR204W,YGR204W_652,649,652
YGR211W,YGR211W_461,454,461
YGR214W,YGR214W_92,92,92
YGR218W,YGR218W_616,614,616
YGR218W,YGR218W_881,877,881
YGR234W,YGR234W_345,345,345
YGR240C,YGR240C_388,385,388
YGR240C,YGR240C_419,415,419
YGR240C,YGR240C_521,519,521
YGR240C,YGR240C_602,601,602
YGR240C,YGR240C_856,856,856
YGR240C,YGR240C_937,933,937
YGR253C,YGR253C_124,124,124
YGR279C,YGR279C_101,96,101
YGR285C,YGR285C_281,280,281
YGR285C,YGR285C_354,351,354
YHL033C,YHL033C_195,195,195
YHL034C,YHL034C_147,145,147
YHR005C,YHR005C_447,444,447
YHR007C,YHR007C_348,348,348
YHR007C,YHR007C_439,436,439
YHR007C,YHR007C_503,503,503
YHR013C,YHR013C_108,103,108
YHR019C,YHR019C_380,376,380
YHR019C,YHR019C_465,461,465
YHR020W,YHR020W_40,35,40
YHR025W,YHR025W_93,92,93
YHR025W,YHR025W_199,195,199
YHR025W,YHR025W_265,258,265
YHR026W,YHR026W_171,168,171
YHR027C,YHR027C_718,718,718
YHR027C,YHR027C_816,815,816
YHR042W,YHR042W_344,339,344
YHR042W,YHR042W_435,435,435
YHR042W,YHR042W_536,530,536
YHR062C,YHR062C_139,137,139
YHR068W,YHR068W_292,289,292
YHR068W,YHR068W_336,332,336
YHR074W,YHR074W_188,182,188
YHR094C,YHR094C_286,281,286
YHR094C,YHR094C_396,393,396
YHR094C,YHR094C_446,441,446
YHR104W,YHR104W_220,219,220
YHR143W,YHR143W_144,143,144
YHR162W,YHR162W_120,115,120
YHR174W,YHR174W_270,266,270
YHR174W,YHR174W_331,326,331
YHR183W,YHR183W_130,125,130
YHR183W,YHR183W_422,420,422
YHR188C,YHR188C_305,304,305
YHR199C,YHR199C_153,150,153
YHR200W,YHR200W_180,173,180
YHR203C,YHR203C_203,203,203
YHR205W,YHR205W_726,720,726
YIL015W,YIL015W_369,366,369
YIL015W,YIL015W_440,433,440
YIL018W,YIL018W_225,224,225
YIL034C,YIL034C_98,93,98
YIL039W,YIL039W_340,337,340
YIL041W,YIL041W_129,127,129
YIL051C,YIL051C_34,31,34
YIL053W,YIL053W_118,115,118
YIL053W,YIL053W_152,149,152
YIL053W,YIL053W_193,187,193
YIL069C,YIL069C_69,67,69
YIL074C,YIL074C_363,360,363
YIL075C,YIL075C_452,449,452
YIL075C,YIL075C_932,929,932
YIL078W,YIL078W_456,453,456
YIL109C,YIL109C_425,422,425
YIL116W,YIL116W_263,260,263
YIL123W,YIL123W_93,93,93
YIL123W,YIL123W_124,123,124
YIL123W,YIL123W_193,189,193
YIL125W,YIL125W_856,854,856
YIL133C,YIL133C_73,73,73
YIL133C,YIL133C_184,181,184
YIL149C,YIL149C_1610,1607,1610
YIR006C,YIR006C_1315,1312,1315
YIR006C,YIR006C_1322,1322,1322
YIR006C,YIR006C_1358,1358,1358
YIR006C,YIR006C_1405,1402,1405
YIR034C,YIR034C_287,283,287
YJL002C,YJL002C_230,226,230
YJL010C,YJL010C_638,638,638
YJL012C,YJL012C_549,545,549
YJL012C,YJL012C_699,696,699
YJL020C,YJL020C_803,800,803
YJL020C,YJL020C_866,863,866
YJL026W,YJL026W_248,244,248
YJL026W,YJL026W_290,290,290
YJL026W,YJL026W_361,359,361
YJL034W,YJL034W_224,222,224
YJL034W,YJL034W_322,320,322
YJL068C,YJL068C_190,185,190
YJL069C,YJL069C_504,502,504
YJL079C,YJL079C_145,132,145
YJL081C,YJL081C_434,431,434
YJL101C,YJL101C_299,295,299
YJL101C,YJL101C_455,454,455
YJL109C,YJL109C_1731,1727,1731
YJL115W,YJL115W_165,163,165
YJL121C,YJL121C_196,194,196
YJL130C,YJL130C_959,954,959
YJL130C,YJL130C_1720,1719,1720
YJL130C,YJL130C_1848,1845,1848
YJL134W,YJL134W_402,400,402
YJL143W,YJL143W_149,148,149
YJL158C,YJL158C_38,32,38
YJL158C,YJL158C_98,95,98
YJL159W,YJL159W_133,129,133
YJL159W,YJL159W_139,137,139
YJL159W,YJL159W_225,221,225
YJL159W,YJL159W_269,264,269
YJL159W,YJL159W_309,303,309
YJL167W,YJL167W_246,245,246
YJL174W,YJL174W_151,150,151
YJL186W,YJL186W_281,281,281
YJL186W,YJL186W_399,397,399
YJL217W,YJL217W_104,99,104
YJR007W,YJR007W_228,225,228
YJR009C,YJR009C_181,178,181
YJR009C,YJR009C_294,291,294
YJR016C,YJR016C_247,243,247
YJR016C,YJR016C_396,393,396
YJR045C,YJR045C_201,200,201
YJR059W,YJR059W_730,726,730
YJR059W,YJR059W_736,735,736
YJR065C,YJR065C_413,409,413
YJR070C,YJR070C_180,175,180
YJR105W,YJR105W_229,228,229
YJR121W,YJR121W_358,353,358
YJR123W,YJR123W_180,176,180
YJR139C,YJR139C_242,240,242
YJR139C,YJR139C_341,339,341
YJR143C,YJR143C_426,422,426
YJR148W,YJR148W_213,209,213
YKL006W,YKL006W_50,47,50
YKL021C,YKL021C_217,214,217
YKL029C,YKL029C_558,555,558
YKL033W-A,YKL033W-A_200,196,200
YKL035W,YKL035W_263,263,263
YKL039W,YKL039W_455,452,455
YKL039W,YKL039W_524,520,524
YKL060C,YKL060C_94,90,94
YKL060C,YKL060C_216,212,216
YKL060C,YKL060C_317,314,317
YKL081W,YKL081W_77,76,77
YKL081W,YKL081W_216,213,216
YKL081W,YKL081W_362,357,362
YKL096W,YKL096W_191,189,191
YKL096W-A,YKL096W-A_45,40,45
YKL096W-A,YKL096W-A_52,48,52
YKL101W,YKL101W_569,566,569
YKL101W,YKL101W_868,864,868
YKL101W,YKL101W_891,891,891
YKL103C,YKL103C_392,386,392
YKL104C,YKL104C_611,611,611
YKL127W,YKL127W_468,468,468
YKL142W,YKL142W_208,206,208
YKL150W,YKL150W_270,264,270
YKL152C,YKL152C_126,118,126
YKL152C,YKL152C_232,229,232
YKL152C,YKL152C_241,236,241
YKL164C,YKL164C_115,115,115
YKL182W,YKL182W_319,316,319
YKL182W,YKL182W_503,499,503
YKL182W,YKL182W_734,728,734
YKL182W,YKL182W_770,769,770
YKL182W,YKL182W_1956,1952,1956
YKL184W,YKL184W_371,367,371
YKL185W,YKL185W_429,423,429
YKL185W,YKL185W_465,462,465
YKL205W,YKL205W_687,686,687
YKL210W,YKL210W_701,697,701
YKL212W,YKL212W_196,195,196
YKL216W,YKL216W_232,228,232
YKL216W,YKL216W_270,267,270
YKR001C,YKR001C_595,595,595
YKR013W,YKR013W_158,153,158
YKR013W,YKR013W_180,175,180
YKR042W,YKR042W_84,78,84
YKR042W,YKR042W_93,86,93
YKR042W,YKR042W_316,310,316
YKR048C,YKR048C_322,316,322
YKR066C,YKR066C_347,344,347
YKR094C,YKR094C_106,103,106
YLL011W,YLL011W_256,253,256
YLL011W,YLL011W_422,417,422
YLL013C,YLL013C_379,367,379
YLL013C,YLL013C_397,391,397
YLL018C,YLL018C_461,447,461
YLL024C,YLL024C_132,130,132
YLL024C,YLL024C_623,614,623
YLR027C,YLR027C_249,248,249
YLR028C,YLR028C_545,541,545
YLR029C,YLR029C_106,104,106
YLR044C,YLR044C_148,141,148
YLR044C,YLR044C_362,360,362
YLR044C,YLR044C_400,399,400
YLR044C,YLR044C_425,423,425
YLR044C,YLR044C_513,510,513
YLR048W,YLR048W_71,66,71
YLR048W,YLR048W_151,149,151
YLR055C,YLR055C_573,568,573
YLR058C,YLR058C_214,214,214
YLR058C,YLR058C_226,221,226
YLR058C,YLR058C_248,242,248
YLR060W,YLR060W_162,160,162
YLR060W,YLR060W_551,546,551
YLR104W,YLR104W_74,71,74
YLR106C,YLR106C_559,558,559
YLR106C,YLR106C_1032,1028,1032
YLR106C,YLR106C_1727,1720,1727
YLR106C,YLR106C_2910,2907,2910
YLR109W,YLR109W_58,56,58
YLR109W,YLR109W_120,119,120
YLR110C,YLR110C_105,97,105
YLR150W,YLR150W_42,39,42
YLR150W,YLR150W_85,83,85
YLR153C,YLR153C_299,299,299
YLR153C,YLR153C_349,345,349
YLR153C,YLR153C_447,447,447
YLR167W,YLR167W_90,85,90
YLR179C,YLR179C_84,80,84
YLR180W,YLR180W_286,278,286
YLR180W,YLR180W_296,291,296
YLR185W,YLR185W_34,34,34
YLR186W,YLR186W_59,57,59
YLR192C,YLR192C_49,47,49
YLR196W,YLR196W_493,490,493
YLR196W,YLR196W_572,570,572
YLR208W,YLR208W_114,113,114
YLR212C,YLR212C_464,462,464
YLR214W,YLR214W_155,150,155
YLR214W,YLR214W_295,295,295
YLR244C,YLR244C_179,179,179
YLR244C,YLR244C_308,304,308
YLR249W,YLR249W_192,191,192
YLR249W,YLR249W_244,243,244
YLR249W,YLR249W_680,676,680
YLR249W,YLR249W_904,900,904
YLR249W,YLR249W_988,982,988
YLR256W,YLR256W_1195,1191,1195
YLR259C,YLR259C_377,375,377
YLR259C,YLR259C_394,393,394
YLR259C,YLR259C_552,548,552
YLR286C,YLR286C_143,139,143
YLR286C,YLR286C_190,187,190
YLR293C,YLR293C_185,182,185
YLR300W,YLR300W_357,354,357
YLR301W,YLR301W_120,117,120
YLR304C,YLR304C_548,542,548
YLR304C,YLR304C_665,663,665
YLR314C,YLR314C_271,266,271
YLR314C,YLR314C_512,506,512
YLR337C,YLR337C_354,352,354
YLR340W,YLR340W_256,252,256
YLR340W,YLR340W_283,279,283
YLR342W,YLR342W_342,339,342
YLR342W,YLR342W_1779,1778,1779
YLR342W,YLR342W_1822,1818,1822
YLR347C,YLR347C_773,771,773
YLR354C,YLR354C_276,276,276
YLR355C,YLR355C_174,171,174
YLR355C,YLR355C_284,284,284
YLR378C,YLR378C_387,384,387
YLR380W,YLR380W_42,39,42
YLR390W-A,YLR390W-A_97,97,97
YLR390W-A,YLR390W-A_195,191,195
YLR401C,YLR401C_390,385,390
YLR413W,YLR413W_128,126,128
YLR438W,YLR438W_296,294,296
YLR438W,YLR438W_314,310,314
YLR438W,YLR438W_394,389,394
YLR441C,YLR441C_203,198,203
YML004C,YML004C_282,275,282
YML008C,YML008C_375,370,375
YML024W,YML024W_55,53,55
YML026C,YML026C_80,76,80
YML028W,YML028W_178,176,178
YML035C,YML035C_598,597,598
YML048W,YML048W_134,133,134
YML048W,YML048W_208,205,208
YML056C,YML056C_245,242,245
YML063W,YML063W_230,227,230
YML085C,YML085C_362,357,362
YML085C,YML085C_435,435,435
YML086C,YML086C_383,378,383
YML086C,YML086C_441,438,441
YML106W,YML106W_221,219,221
YML123C,YML123C_291,287,291
YML124C,YML124C_383,379,383
YML124C,YML124C_441,435,441
YML126C,YML126C_321,319,321
YMR002W,YMR002W_44,40,44
YMR006C,YMR006C_573,569,573
YMR011W,YMR011W_382,382,382
YMR011W,YMR011W_463,461,463
YMR012W,YMR012W_836,836,836
YMR012W,YMR012W_1020,1016,1020
YMR012W,YMR012W_1103,1100,1103
YMR015C,YMR015C_417,417,417
YMR049C,YMR049C_678,677,678
YMR058W,YMR058W_306,302,306
YMR058W,YMR058W_451,444,451
YMR058W,YMR058W_511,508,511
YMR058W,YMR058W_534,532,534
YMR079W,YMR079W_119,115,119
YMR080C,YMR080C_672,669,672
YMR083W,YMR083W_301,300,301
YMR093W,YMR093W_303,299,303
YMR093W,YMR093W_347,341,347
YMR108W,YMR108W_533,530,533
YMR108W,YMR108W_636,635,636
YMR109W,YMR109W_1004,998,1004
YMR109W,YMR109W_1017,1012,1017
YMR109W,YMR109W_1048,1047,1048
YMR109W,YMR109W_1079,1074,1079
YMR116C,YMR116C_203,201,203
YMR120C,YMR120C_205,204,205
YMR142C,YMR142C_144,142,144
YMR143W,YMR143W_133,132,133
YMR145C,YMR145C_264,260,264
YMR145C,YMR145C_434,429,434
YMR152W,YMR152W_313,311,313
YMR186W,YMR186W_414,414,414
YMR202W,YMR202W_92,90,92
YMR202W,YMR202W_163,163,163
YMR205C,YMR205C_153,151,153
YMR205C,YMR205C_456,452,456
YMR205C,YMR205C_514,511,514
YMR205C,YMR205C_651,647,651
YMR205C,YMR205C_774,773,774
YMR217W,YMR217W_157,154,157
YMR230W,YMR230W_92,88,92
YMR230W,YMR230W_99,96,99
YMR237W,YMR237W_332,329,332
YMR241W,YMR241W_222,219,222
YMR242C,YMR242C_155,152,155
YMR243C,YMR243C_313,312,313
YMR246W,YMR246W_442,439,442
YMR246W,YMR246W_524,518,524
YMR266W,YMR266W_500,495,500
YMR272C,YMR272C_379,374,379
YMR290C,YMR290C_249,244,249
YMR296C,YMR296C_449,445,449
YMR296C,YMR296C_534,531,534
YMR297W,YMR297W_265,260,265
YMR298W,YMR298W_117,112,117
YMR300C,YMR300C_407,401,407
YMR305C,YMR305C_113,112,113
YMR305C,YMR305C_129,128,129
YMR307W,YMR307W_124,118,124
YMR307W,YMR307W_531,531,531
YMR318C,YMR318C_224,224,224
YNL016W,YNL016W_335,332,335
YNL031C,YNL031C_88,87,88
YNL035C,YNL035C_374,371,374
YNL037C,YNL037C_305,302,305
YNL045W,YNL045W_242,240,242
YNL045W,YNL045W_424,420,424
YNL064C,YNL064C_358,355,358
YNL066W,YNL066W_108,106,108
YNL069C,YNL069C_180,179,180
YNL071W,YNL071W_232,227,232
YNL071W,YNL071W_320,320,320
YNL071W,YNL071W_420,416,420
YNL085W,YNL085W_366,362,366
YNL085W,YNL085W_376,371,376
YNL085W,YNL085W_556,552,556
YNL085W,YNL085W_643,636,643
YNL096C,YNL096C_32,31,32
YNL112W,YNL112W_510,506,510
YNL112W,YNL112W_533,533,533
YNL118C,YNL118C_394,388,394
YNL138W,YNL138W_278,273,278
YNL176C,YNL176C_351,346,351
YNL176C,YNL176C_427,420,427
YNL176C,YNL176C_554,551,554
YNL180C,YNL180C_224,220,224
YNL190W,YNL190W_177,176,177
YNL197C,YNL197C_530,528,530
YNL209W,YNL209W_150,149,150
YNL209W,YNL209W_390,385,390
YNL212W,YNL212W_651,650,651
YNL212W,YNL212W_777,774,777
YNL220W,YNL220W_307,304,307
YNL247W,YNL247W_259,253,259
YNL271C,YNL271C_1242,1237,1242
YNL271C,YNL271C_1287,1281,1287
YNL271C,YNL271C_1305,1304,1305
YNL287W,YNL287W_840,836,840
YNL313C,YNL313C_809,809,809
YNL317W,YNL317W_426,422,426
YNL327W,YNL327W_79,78,79
YNR013C,YNR013C_505,501,505
YNR013C,YNR013C_581,578,581
YNR013C,YNR013C_666,662,666
YNR016C,YNR016C_288,283,288
YNR016C,YNR016C_1140,1138,1140
YNR016C,YNR016C_1209,1208,1209
YNR016C,YNR016C_1432,1431,1432
YNR018W,YNR018W_194,190,194
YNR051C,YNR051C_345,340,345
YOL004W,YOL004W_569,567,569
YOL004W,YOL004W_1091,1089,1091
YOL030W,YOL030W_273,269,273
YOL030W,YOL030W_436,432,436
YOL040C,YOL040C_38,36,38
YOL040C,YOL040C_76,67,76
YOL051W,YOL051W_487,485,487
YOL060C,YOL060C_323,319,323
YOL061W,YOL061W_318,317,318
YOL086C,YOL086C_150,149,150
YOL086C,YOL086C_178,178,178
YOL086C,YOL086C_277,275,277
YOL092W,YOL092W_108,106,108
YOL098C,YOL098C_823,821,823
YOL126C,YOL126C_207,204,207
YOL151W,YOL151W_332,329,332
YOR023C,YOR023C_490,489,490
YOR042W,YOR042W_338,337,338
YOR086C,YOR086C_309,307,309
YOR086C,YOR086C_788,785,788
YOR108W,YOR108W_352,345,352
YOR116C,YOR116C_862,857,862
YOR128C,YOR128C_464,464,464
YOR136W,YOR136W_357,355,357
YOR151C,YOR151C_231,228,231
YOR151C,YOR151C_747,747,747
YOR153W,YOR153W_427,425,427
YOR153W,YOR153W_725,723,725
YOR153W,YOR153W_775,773,775
YOR153W,YOR153W_942,936,942
YOR153W,YOR153W_1118,1116,1118
YOR204W,YOR204W_225,223,225
YOR207C,YOR207C_858,853,858
YOR209C,YOR209C_137,133,137
YOR230W,YOR230W_375,370,375
YOR230W,YOR230W_410,404,410
YOR230W,YOR230W_430,427,430
YOR234C,YOR234C_97,91,97
YOR247W,YOR247W_82,78,82
YOR260W,YOR260W_315,312,315
YOR270C,YOR270C_377,376,377
YOR270C,YOR270C_702,702,702
YOR276W,YOR276W_111,105,111
YOR303W,YOR303W_156,150,156
YOR317W,YOR317W_385,381,385
YOR323C,YOR323C_400,398,400
YOR335C,YOR335C_209,206,209
YOR335C,YOR335C_483,482,483
YOR341W,YOR341W_1217,1216,1217
YOR341W,YOR341W_1232,1231,1232
YOR361C,YOR361C_85,82,85
YOR361C,YOR361C_565,563,565
YOR369C,YOR369C_42,38,42
YOR369C,YOR369C_121,116,121
YOR375C,YOR375C_298,296,298
YOR375C,YOR375C_317,312,317
YOR375C,YOR375C_354,353,354
YOR382W,YOR382W_127,117,127
YOR383C,YOR383C_112,109,112
YPL019C,YPL019C_817,815,817
YPL028W,YPL028W_363,361,363
YPL028W,YPL028W_392,388,392
YPL031C,YPL031C_248,247,248
YPL032C,YPL032C_602,600,602
YPL032C,YPL032C_777,771,777
YPL043W,YPL043W_662,657,662
YPL048W,YPL048W_228,228,228
YPL050C,YPL050C_354,353,354
YPL061W,YPL061W_159,157,159
YPL061W,YPL061W_201,199,201
YPL061W,YPL061W_469,469,469
YPL063W,YPL063W_188,178,188
YPL085W,YPL085W_1589,1587,1589
YPL085W,YPL085W_1653,1650,1653
YPL085W,YPL085W_1725,1720,1725
YPL085W,YPL085W_2080,2078,2080
YPL085W,YPL085W_2103,2100,2103
YPL085W,YPL085W_2133,2131,2133
YPL085W,YPL085W_2139,2138,2139
YPL093W,YPL093W_276,273,276
YPL093W,YPL093W_409,407,409
YPL106C,YPL106C_373,373,373
YPL106C,YPL106C_382,380,382
YPL106C,YPL106C_424,422,424
YPL131W,YPL131W_81,76,81
YPL141C,YPL141C_770,767,770
YPL143W,YPL143W_55,52,55
YPL143W,YPL143W_92,90,92
YPL145C,YPL145C_148,145,148
YPL151C,YPL151C_437,435,437
YPL151C,YPL151C_447,444,447
YPL160W,YPL160W_229,224,229
YPL160W,YPL160W_314,313,314
YPL160W,YPL160W_421,420,421
YPL177C,YPL177C_187,185,187
YPL177C,YPL177C_283,280,283
YPL190C,YPL190C_578,577,578
YPL190C,YPL190C_768,764,768
YPL204W,YPL204W_349,343,349
YPL204W,YPL204W_412,409,412
YPL226W,YPL226W_432,429,432
YPL226W,YPL226W_795,793,795
YPL231W,YPL231W_127,123,127
YPL231W,YPL231W_1370,1365,1370
YPL231W,YPL231W_1410,1408,1410
YPL231W,YPL231W_1720,1718,1720
YPL231W,YPL231W_1850,1847,1850
YPL247C,YPL247C_333,330,333
YPL247C,YPL247C_447,447,447
YPL256C,YPL256C_401,394,401
YPL256C,YPL256C_470,468,470
YPL259C,YPL259C_156,153,156
YPL265W,YPL265W_183,180,183
YPR004C,YPR004C_318,313,318
YPR010C,YPR010C_872,872,872
YPR010C,YPR010C_954,951,954
YPR016C,YPR016C_228,226,228
YPR028W,YPR028W_131,127,131
YPR035W,YPR035W_304,301,304
YPR040W,YPR040W_327,326,327
YPR041W,YPR041W_148,142,148
YPR043W,YPR043W_72,71,72
YPR074C,YPR074C_263,261,263
YPR074C,YPR074C_358,357,358
YPR124W,YPR124W_320,317,320
YPR135W,YPR135W_770,764,770
YPR145W,YPR145W_175,174,175
YPR145W,YPR145W_540,536,540
YPR159W,YPR159W_705,701,705
YPR163C,YPR163C_219,216,219
YPR181C,YPR181C_222,219,222
YPR181C,YPR181C_515,513,515
YPR183W,YPR183W_104,101,104
YPR190C,YPR190C_386,385,386